{"type":"FeatureCollection","metadata":{"source":"OpenStreetMap via Overpass","endpoint":"https://overpass-api.de/api/interpreter","bbox":[34.15,126.0,38.45,129.75],"purpose":"Scene 05 faint Road Hint layer only","policy":"Road Hint is subordinate context, never navigation or an official SSKR route."},"features":[{"type":"Feature","properties":{"osm_way_id":25775025,"highway":"motorway","length_km":5.13},"geometry":{"type":"LineString","coordinates":[[127.4508224,36.3639013],[127.4301419,36.3748996],[127.418503,36.398155]]}},{"type":"Feature","properties":{"osm_way_id":27913106,"highway":"motorway","length_km":7.67},"geometry":{"type":"LineString","coordinates":[[127.2626408,36.1969924],[127.2387761,36.1694937],[127.2002188,36.1617768]]}},{"type":"Feature","properties":{"osm_way_id":28791508,"highway":"motorway","length_km":7.85},"geometry":{"type":"LineString","coordinates":[[128.6395929,36.5413843],[128.6052655,36.5015839],[128.6126441,36.4826104]]}},{"type":"Feature","properties":{"osm_way_id":30044616,"highway":"motorway","length_km":6.81},"geometry":{"type":"LineString","coordinates":[[127.4585881,36.7372213],[127.4250699,36.6834735]]}},{"type":"Feature","properties":{"osm_way_id":31666202,"highway":"motorway","length_km":6.81},"geometry":{"type":"LineString","coordinates":[[127.4251794,36.6834688],[127.4587139,36.737195]]}},{"type":"Feature","properties":{"osm_way_id":32431446,"highway":"motorway","length_km":5.12},"geometry":{"type":"LineString","coordinates":[[127.4183663,36.3980059],[127.4300292,36.3748197],[127.4507039,36.3638266]]}},{"type":"Feature","properties":{"osm_way_id":32531535,"highway":"motorway","length_km":7.84},"geometry":{"type":"LineString","coordinates":[[128.612762,36.4826488],[128.6053848,36.5015649],[128.6396952,36.5413518]]}},{"type":"Feature","properties":{"osm_way_id":32531548,"highway":"motorway","length_km":3.54},"geometry":{"type":"LineString","coordinates":[[128.6216323,36.4711306],[128.6180545,36.4402898]]}},{"type":"Feature","properties":{"osm_way_id":32531563,"highway":"motorway","length_km":3.55},"geometry":{"type":"LineString","coordinates":[[128.618176,36.4403245],[128.6217726,36.4712095]]}},{"type":"Feature","properties":{"osm_way_id":37375672,"highway":"motorway","length_km":4.18},"geometry":{"type":"LineString","coordinates":[[126.6813709,35.4921624],[126.6695899,35.4559775]]}},{"type":"Feature","properties":{"osm_way_id":37375964,"highway":"motorway","length_km":5.65},"geometry":{"type":"LineString","coordinates":[[127.5915213,37.2318595],[127.64912,37.25202]]}},{"type":"Feature","properties":{"osm_way_id":37376583,"highway":"motorway","length_km":4.08},"geometry":{"type":"LineString","coordinates":[[128.1481932,36.6256427],[128.1605055,36.5918083]]}},{"type":"Feature","properties":{"osm_way_id":37376797,"highway":"motorway","length_km":3.71},"geometry":{"type":"LineString","coordinates":[[128.4777184,35.7576658],[128.4650669,35.7890791]]}},{"type":"Feature","properties":{"osm_way_id":37376809,"highway":"motorway","length_km":7.25},"geometry":{"type":"LineString","coordinates":[[128.5054704,35.3281698],[128.4917128,35.3521488],[128.4945029,35.387158]]}},{"type":"Feature","properties":{"osm_way_id":38314913,"highway":"motorway","length_km":4.45},"geometry":{"type":"LineString","coordinates":[[128.5783091,36.7410883],[128.5592286,36.7049451]]}},{"type":"Feature","properties":{"osm_way_id":38317234,"highway":"motorway","length_km":4.56},"geometry":{"type":"LineString","coordinates":[[128.4574551,36.8957966],[128.4093715,36.9101564]]}},{"type":"Feature","properties":{"osm_way_id":38317236,"highway":"motorway","length_km":4.57},"geometry":{"type":"LineString","coordinates":[[128.4092486,36.9099156],[128.4574193,36.8955592]]}},{"type":"Feature","properties":{"osm_way_id":38473147,"highway":"motorway","length_km":3.6},"geometry":{"type":"LineString","coordinates":[[127.8997706,36.4465723],[127.9385604,36.4402991]]}},{"type":"Feature","properties":{"osm_way_id":38519780,"highway":"motorway","length_km":5.08},"geometry":{"type":"LineString","coordinates":[[128.1536943,36.3694198],[128.2080229,36.3692009]]}},{"type":"Feature","properties":{"osm_way_id":38519782,"highway":"motorway","length_km":5.08},"geometry":{"type":"LineString","coordinates":[[128.2080485,36.3693273],[128.1537167,36.3695183]]}},{"type":"Feature","properties":{"osm_way_id":38558942,"highway":"motorway","length_km":4.09},"geometry":{"type":"LineString","coordinates":[[128.1606236,36.5917758],[128.1483274,36.625693]]}},{"type":"Feature","properties":{"osm_way_id":38561518,"highway":"motorway","length_km":4.28},"geometry":{"type":"LineString","coordinates":[[127.5234591,36.0985341],[127.5488965,36.0664032]]}},{"type":"Feature","properties":{"osm_way_id":38561860,"highway":"motorway","length_km":4.27},"geometry":{"type":"LineString","coordinates":[[127.5489859,36.0665236],[127.5235657,36.0985999]]}},{"type":"Feature","properties":{"osm_way_id":38561861,"highway":"motorway","length_km":3.82},"geometry":{"type":"LineString","coordinates":[[127.5585661,36.0485102],[127.5805505,36.0193196]]}},{"type":"Feature","properties":{"osm_way_id":38561959,"highway":"motorway","length_km":3.81},"geometry":{"type":"LineString","coordinates":[[127.580602,36.0194784],[127.5586912,36.0485492]]}},{"type":"Feature","properties":{"osm_way_id":38607812,"highway":"motorway","length_km":5.0},"geometry":{"type":"LineString","coordinates":[[127.7027447,35.646492],[127.7425488,35.620052]]}},{"type":"Feature","properties":{"osm_way_id":39016992,"highway":"motorway","length_km":3.91},"geometry":{"type":"LineString","coordinates":[[127.1435621,36.7244151],[127.12467,36.71611],[127.1187357,36.6993858]]}},{"type":"Feature","properties":{"osm_way_id":39016996,"highway":"motorway","length_km":3.89},"geometry":{"type":"LineString","coordinates":[[127.11885,36.69942],[127.12487,36.71611],[127.1436915,36.7243751]]}},{"type":"Feature","properties":{"osm_way_id":40951881,"highway":"motorway","length_km":5.66},"geometry":{"type":"LineString","coordinates":[[127.6490991,37.252121],[127.5914693,37.2319918]]}},{"type":"Feature","properties":{"osm_way_id":41948330,"highway":"motorway","length_km":4.15},"geometry":{"type":"LineString","coordinates":[[129.1653934,35.5497191],[129.20295,35.56965]]}},{"type":"Feature","properties":{"osm_way_id":43446283,"highway":"motorway","length_km":4.0},"geometry":{"type":"LineString","coordinates":[[127.3642462,37.2974256],[127.3372193,37.3256141]]}},{"type":"Feature","properties":{"osm_way_id":43446284,"highway":"motorway","length_km":3.82},"geometry":{"type":"LineString","coordinates":[[127.3376181,37.3254533],[127.364916,37.2994168]]}},{"type":"Feature","properties":{"osm_way_id":43890653,"highway":"motorway","length_km":5.52},"geometry":{"type":"LineString","coordinates":[[127.2187594,36.7557751],[127.2671181,36.7313264]]}},{"type":"Feature","properties":{"osm_way_id":43891268,"highway":"motorway","length_km":3.56},"geometry":{"type":"LineString","coordinates":[[127.1889322,36.9112697],[127.1885269,36.8792865]]}},{"type":"Feature","properties":{"osm_way_id":44483035,"highway":"motorway","length_km":3.79},"geometry":{"type":"LineString","coordinates":[[128.3576799,35.7526516],[128.319687,35.7397531]]}},{"type":"Feature","properties":{"osm_way_id":44573475,"highway":"motorway","length_km":3.71},"geometry":{"type":"LineString","coordinates":[[128.4648921,35.7890114],[128.4773874,35.7575613]]}},{"type":"Feature","properties":{"osm_way_id":44669636,"highway":"motorway","length_km":6.26},"geometry":{"type":"LineString","coordinates":[[129.0082208,35.9120268],[128.9841089,35.9329343],[128.955042,35.9225992]]}},{"type":"Feature","properties":{"osm_way_id":44818562,"highway":"motorway","length_km":4.78},"geometry":{"type":"LineString","coordinates":[[127.0524565,35.8719194],[127.0368178,35.8317617]]}},{"type":"Feature","properties":{"osm_way_id":45057109,"highway":"motorway","length_km":3.54},"geometry":{"type":"LineString","coordinates":[[126.7050819,36.7620414],[126.6828878,36.7880687]]}},{"type":"Feature","properties":{"osm_way_id":45059128,"highway":"motorway","length_km":3.93},"geometry":{"type":"LineString","coordinates":[[126.569152,36.7525737],[126.5629868,36.7177333]]}},{"type":"Feature","properties":{"osm_way_id":45059129,"highway":"motorway","length_km":3.92},"geometry":{"type":"LineString","coordinates":[[126.5631487,36.7177362],[126.569303,36.752548]]}},{"type":"Feature","properties":{"osm_way_id":45062021,"highway":"motorway","length_km":4.25},"geometry":{"type":"LineString","coordinates":[[126.5668194,36.2645743],[126.5888105,36.295943]]}},{"type":"Feature","properties":{"osm_way_id":45062022,"highway":"motorway","length_km":4.24},"geometry":{"type":"LineString","coordinates":[[126.5886899,36.2958844],[126.5667484,36.2646296]]}},{"type":"Feature","properties":{"osm_way_id":45098164,"highway":"motorway","length_km":3.74},"geometry":{"type":"LineString","coordinates":[[126.5661722,35.3144889],[126.5789756,35.346459]]}},{"type":"Feature","properties":{"osm_way_id":45098165,"highway":"motorway","length_km":3.73},"geometry":{"type":"LineString","coordinates":[[126.5788228,35.3464401],[126.566048,35.3145325]]}},{"type":"Feature","properties":{"osm_way_id":45098173,"highway":"motorway","length_km":4.82},"geometry":{"type":"LineString","coordinates":[[126.5840895,35.3584947],[126.6203231,35.3896809]]}},{"type":"Feature","properties":{"osm_way_id":45098174,"highway":"motorway","length_km":4.83},"geometry":{"type":"LineString","coordinates":[[126.6202231,35.3897409],[126.5839795,35.3585111]]}},{"type":"Feature","properties":{"osm_way_id":45234840,"highway":"motorway","length_km":4.03},"geometry":{"type":"LineString","coordinates":[[126.7929855,36.9428788],[126.8364511,36.949586]]}},{"type":"Feature","properties":{"osm_way_id":45234841,"highway":"motorway","length_km":4.03},"geometry":{"type":"LineString","coordinates":[[126.8363626,36.9497436],[126.7928939,36.9430409]]}},{"type":"Feature","properties":{"osm_way_id":46094485,"highway":"motorway","length_km":4.78},"geometry":{"type":"LineString","coordinates":[[127.0369201,35.8317222],[127.0525665,35.8718851]]}},{"type":"Feature","properties":{"osm_way_id":46094486,"highway":"motorway","length_km":7.31},"geometry":{"type":"LineString","coordinates":[[126.9830808,35.7311358],[126.9477887,35.6944314],[126.9447197,35.6772652]]}},{"type":"Feature","properties":{"osm_way_id":46094954,"highway":"motorway","length_km":7.31},"geometry":{"type":"LineString","coordinates":[[126.944856,35.6772354],[126.9478808,35.6943793],[126.9831788,35.7310664]]}},{"type":"Feature","properties":{"osm_way_id":46094956,"highway":"motorway","length_km":4.41},"geometry":{"type":"LineString","coordinates":[[126.9143355,35.6552768],[126.8865656,35.6239721]]}},{"type":"Feature","properties":{"osm_way_id":46094957,"highway":"motorway","length_km":4.41},"geometry":{"type":"LineString","coordinates":[[126.8866344,35.6238491],[126.9144126,35.6551771]]}},{"type":"Feature","properties":{"osm_way_id":46095909,"highway":"motorway","length_km":3.63},"geometry":{"type":"LineString","coordinates":[[126.8247301,35.3118637],[126.8438933,35.2832318]]}},{"type":"Feature","properties":{"osm_way_id":46095910,"highway":"motorway","length_km":3.61},"geometry":{"type":"LineString","coordinates":[[126.8441941,35.2833512],[126.825085,35.3118718]]}},{"type":"Feature","properties":{"osm_way_id":47824413,"highway":"motorway","length_km":3.56},"geometry":{"type":"LineString","coordinates":[[126.8178299,37.4358316],[126.8354538,37.4075287]]}},{"type":"Feature","properties":{"osm_way_id":47824854,"highway":"motorway","length_km":3.55},"geometry":{"type":"LineString","coordinates":[[126.8355602,37.4076475],[126.8180016,37.4358955]]}},{"type":"Feature","properties":{"osm_way_id":51808241,"highway":"motorway","length_km":4.12},"geometry":{"type":"LineString","coordinates":[[127.9669807,36.2123387],[127.9965798,36.209886],[128.0018911,36.1984878]]}},{"type":"Feature","properties":{"osm_way_id":52868428,"highway":"motorway","length_km":5.3},"geometry":{"type":"LineString","coordinates":[[128.4803427,35.7348463],[128.437929,35.7055718]]}},{"type":"Feature","properties":{"osm_way_id":52870618,"highway":"motorway","length_km":4.28},"geometry":{"type":"LineString","coordinates":[[128.49866,35.2976919],[128.5179932,35.2648842]]}},{"type":"Feature","properties":{"osm_way_id":52870619,"highway":"motorway","length_km":7.25},"geometry":{"type":"LineString","coordinates":[[128.494251,35.3871121],[128.4915474,35.352393],[128.5053593,35.3281522]]}},{"type":"Feature","properties":{"osm_way_id":52894866,"highway":"motorway","length_km":4.22},"geometry":{"type":"LineString","coordinates":[[128.0815057,37.2322936],[128.0460271,37.2564347]]}},{"type":"Feature","properties":{"osm_way_id":53150589,"highway":"motorway","length_km":4.64},"geometry":{"type":"LineString","coordinates":[[128.3506144,35.2918996],[128.4010326,35.2874429]]}},{"type":"Feature","properties":{"osm_way_id":53191993,"highway":"motorway","length_km":5.2},"geometry":{"type":"LineString","coordinates":[[127.4761608,36.9269903],[127.4752139,36.8802852]]}},{"type":"Feature","properties":{"osm_way_id":53191998,"highway":"motorway","length_km":6.59},"geometry":{"type":"LineString","coordinates":[[127.4810798,37.0324878],[127.4546271,37.0866765]]}},{"type":"Feature","properties":{"osm_way_id":53192550,"highway":"motorway","length_km":6.59},"geometry":{"type":"LineString","coordinates":[[127.454478,37.0866814],[127.4809231,37.0324871]]}},{"type":"Feature","properties":{"osm_way_id":53266608,"highway":"motorway","length_km":3.72},"geometry":{"type":"LineString","coordinates":[[127.85103,35.4441028],[127.8400494,35.4743991]]}},{"type":"Feature","properties":{"osm_way_id":53442099,"highway":"motorway","length_km":4.47},"geometry":{"type":"LineString","coordinates":[[128.2886252,37.5306008],[128.2453957,37.5121097]]}},{"type":"Feature","properties":{"osm_way_id":53446312,"highway":"motorway","length_km":3.68},"geometry":{"type":"LineString","coordinates":[[129.27371,35.49133],[129.2497058,35.5170115]]}},{"type":"Feature","properties":{"osm_way_id":53446959,"highway":"motorway","length_km":4.97},"geometry":{"type":"LineString","coordinates":[[129.2519571,35.3974743],[129.2541095,35.3541203]]}},{"type":"Feature","properties":{"osm_way_id":54471761,"highway":"motorway","length_km":4.67},"geometry":{"type":"LineString","coordinates":[[128.0361434,37.4454809],[128.0119513,37.4365006],[128.0007351,37.4184731]]}},{"type":"Feature","properties":{"osm_way_id":54471805,"highway":"motorway","length_km":3.82},"geometry":{"type":"LineString","coordinates":[[127.898687,37.361577],[127.92906,37.3818999]]}},{"type":"Feature","properties":{"osm_way_id":54471825,"highway":"motorway","length_km":3.52},"geometry":{"type":"LineString","coordinates":[[127.9660384,37.4044001],[128.0000561,37.4171698]]}},{"type":"Feature","properties":{"osm_way_id":54471860,"highway":"motorway","length_km":4.66},"geometry":{"type":"LineString","coordinates":[[128.0008496,37.4184248],[128.0126529,37.4368325],[128.0362259,37.4453998]]}},{"type":"Feature","properties":{"osm_way_id":54499504,"highway":"motorway","length_km":4.01},"geometry":{"type":"LineString","coordinates":[[127.4932047,37.2455186],[127.4497459,37.2379052]]}},{"type":"Feature","properties":{"osm_way_id":57714885,"highway":"motorway","length_km":3.81},"geometry":{"type":"LineString","coordinates":[[126.7460618,35.3550828],[126.7113622,35.3743327]]}},{"type":"Feature","properties":{"osm_way_id":57715025,"highway":"motorway","length_km":3.8},"geometry":{"type":"LineString","coordinates":[[126.711259,35.3740393],[126.7458633,35.3548248]]}},{"type":"Feature","properties":{"osm_way_id":58614114,"highway":"motorway","length_km":3.73},"geometry":{"type":"LineString","coordinates":[[128.2425783,35.9508951],[128.2397217,35.9825637]]}},{"type":"Feature","properties":{"osm_way_id":58614115,"highway":"motorway","length_km":3.74},"geometry":{"type":"LineString","coordinates":[[128.2395967,35.9826582],[128.2424273,35.9508741]]}},{"type":"Feature","properties":{"osm_way_id":59242908,"highway":"motorway","length_km":4.64},"geometry":{"type":"LineString","coordinates":[[127.0404607,37.4627781],[127.0711109,37.4289667]]}},{"type":"Feature","properties":{"osm_way_id":59381276,"highway":"motorway","length_km":4.97},"geometry":{"type":"LineString","coordinates":[[129.2542075,35.3540931],[129.2520743,35.3973894]]}},{"type":"Feature","properties":{"osm_way_id":59526911,"highway":"motorway","length_km":5.94},"geometry":{"type":"LineString","coordinates":[[128.8879309,35.165416],[128.8597936,35.1785419],[128.8275265,35.1760293]]}},{"type":"Feature","properties":{"osm_way_id":60195011,"highway":"motorway","length_km":3.94},"geometry":{"type":"LineString","coordinates":[[128.2205755,36.3161413],[128.2303968,36.3498]]}},{"type":"Feature","properties":{"osm_way_id":62116067,"highway":"motorway","length_km":3.79},"geometry":{"type":"LineString","coordinates":[[127.432379,36.5564626],[127.4324457,36.5228922]]}},{"type":"Feature","properties":{"osm_way_id":67291134,"highway":"motorway","length_km":3.58},"geometry":{"type":"LineString","coordinates":[[127.0114569,35.2404927],[127.0487309,35.2485945]]}},{"type":"Feature","properties":{"osm_way_id":67294909,"highway":"motorway","length_km":5.5},"geometry":{"type":"LineString","coordinates":[[127.7525829,37.2420013],[127.7969267,37.2727757]]}},{"type":"Feature","properties":{"osm_way_id":67599087,"highway":"motorway","length_km":3.69},"geometry":{"type":"LineString","coordinates":[[129.2495929,35.516993],[129.2736091,35.4912757]]}},{"type":"Feature","properties":{"osm_way_id":68324214,"highway":"motorway","length_km":3.93},"geometry":{"type":"LineString","coordinates":[[128.2303301,36.3498327],[128.2203943,36.3162434]]}},{"type":"Feature","properties":{"osm_way_id":70527044,"highway":"motorway","length_km":4.23},"geometry":{"type":"LineString","coordinates":[[127.3162722,37.3772063],[127.3029723,37.4134314]]}},{"type":"Feature","properties":{"osm_way_id":70527082,"highway":"motorway","length_km":4.04},"geometry":{"type":"LineString","coordinates":[[127.4497923,37.2377484],[127.4935445,37.2453309]]}},{"type":"Feature","properties":{"osm_way_id":70527096,"highway":"motorway","length_km":4.0},"geometry":{"type":"LineString","coordinates":[[127.3371535,37.3255036],[127.3642082,37.2973127]]}},{"type":"Feature","properties":{"osm_way_id":70527131,"highway":"motorway","length_km":4.21},"geometry":{"type":"LineString","coordinates":[[127.3166417,37.3772352],[127.3036976,37.4133786]]}},{"type":"Feature","properties":{"osm_way_id":74300563,"highway":"motorway","length_km":3.62},"geometry":{"type":"LineString","coordinates":[[127.43994,35.0107228],[127.4782602,35.0032632]]}},{"type":"Feature","properties":{"osm_way_id":82752842,"highway":"motorway","length_km":3.83},"geometry":{"type":"LineString","coordinates":[[127.9405023,35.6835476],[127.9450729,35.6988647],[127.9642566,35.7078196]]}},{"type":"Feature","properties":{"osm_way_id":98449932,"highway":"motorway","length_km":3.54},"geometry":{"type":"LineString","coordinates":[[127.3559691,35.3316227],[127.3386614,35.3599985]]}},{"type":"Feature","properties":{"osm_way_id":98450130,"highway":"motorway","length_km":3.93},"geometry":{"type":"LineString","coordinates":[[127.3769126,35.3165019],[127.4017163,35.2875389]]}},{"type":"Feature","properties":{"osm_way_id":98450148,"highway":"motorway","length_km":3.98},"geometry":{"type":"LineString","coordinates":[[127.4022609,35.2873766],[127.3771658,35.316696]]}},{"type":"Feature","properties":{"osm_way_id":100113701,"highway":"motorway","length_km":3.56},"geometry":{"type":"LineString","coordinates":[[127.1886862,36.8792731],[127.1891106,36.9112719]]}},{"type":"Feature","properties":{"osm_way_id":100113706,"highway":"motorway","length_km":5.66},"geometry":{"type":"LineString","coordinates":[[127.2670827,36.7314566],[127.2229645,36.7468087],[127.2188177,36.7571517]]}},{"type":"Feature","properties":{"osm_way_id":100113714,"highway":"motorway","length_km":3.8},"geometry":{"type":"LineString","coordinates":[[127.4326587,36.5228433],[127.4325697,36.5564845]]}},{"type":"Feature","properties":{"osm_way_id":102996888,"highway":"motorway","length_km":4.17},"geometry":{"type":"LineString","coordinates":[[127.478203,35.0033782],[127.4339534,35.0119411]]}},{"type":"Feature","properties":{"osm_way_id":128982744,"highway":"motorway","length_km":3.71},"geometry":{"type":"LineString","coordinates":[[127.83996,35.4743161],[127.8509143,35.4440729]]}},{"type":"Feature","properties":{"osm_way_id":130551827,"highway":"motorway","length_km":3.81},"geometry":{"type":"LineString","coordinates":[[127.9289491,37.3819018],[127.8985706,37.3616356]]}},{"type":"Feature","properties":{"osm_way_id":137374938,"highway":"motorway","length_km":4.18},"geometry":{"type":"LineString","coordinates":[[126.6697452,35.4559512],[126.6814888,35.4921406]]}},{"type":"Feature","properties":{"osm_way_id":139852272,"highway":"motorway","length_km":4.98},"geometry":{"type":"LineString","coordinates":[[127.7426414,35.6201649],[127.7030653,35.6464288]]}},{"type":"Feature","properties":{"osm_way_id":150898490,"highway":"motorway","length_km":5.32},"geometry":{"type":"LineString","coordinates":[[128.438001,35.705458],[128.4807254,35.7347013]]}},{"type":"Feature","properties":{"osm_way_id":154281462,"highway":"motorway","length_km":4.46},"geometry":{"type":"LineString","coordinates":[[127.0711818,37.4291467],[127.0417963,37.4617155]]}},{"type":"Feature","properties":{"osm_way_id":173030272,"highway":"motorway","length_km":7.68},"geometry":{"type":"LineString","coordinates":[[127.2002802,36.161639],[127.2388405,36.169412],[127.2627246,36.1969242]]}},{"type":"Feature","properties":{"osm_way_id":174270645,"highway":"motorway","length_km":3.58},"geometry":{"type":"LineString","coordinates":[[127.1206941,36.1115459],[127.1030003,36.0830305]]}},{"type":"Feature","properties":{"osm_way_id":174728737,"highway":"motorway","length_km":3.8},"geometry":{"type":"LineString","coordinates":[[126.6701446,34.7004474],[126.6311665,34.710744]]}},{"type":"Feature","properties":{"osm_way_id":174728738,"highway":"motorway","length_km":3.82},"geometry":{"type":"LineString","coordinates":[[126.6309626,34.7107528],[126.6700856,34.7001961]]}},{"type":"Feature","properties":{"osm_way_id":176377010,"highway":"motorway","length_km":5.41},"geometry":{"type":"LineString","coordinates":[[126.1673293,38.4196651],[126.1161399,38.4471682]]}},{"type":"Feature","properties":{"osm_way_id":183259551,"highway":"motorway","length_km":3.53},"geometry":{"type":"LineString","coordinates":[[127.33861,35.3598797],[127.3558694,35.3315718]]}},{"type":"Feature","properties":{"osm_way_id":184989977,"highway":"motorway","length_km":5.2},"geometry":{"type":"LineString","coordinates":[[127.4753646,36.8802821],[127.4762848,36.927016]]}},{"type":"Feature","properties":{"osm_way_id":201530273,"highway":"motorway","length_km":3.58},"geometry":{"type":"LineString","coordinates":[[127.7326535,37.034227],[127.707413,37.0099421]]}},{"type":"Feature","properties":{"osm_way_id":206395874,"highway":"motorway","length_km":4.15},"geometry":{"type":"LineString","coordinates":[[129.20291,35.56974],[129.1653371,35.549826]]}},{"type":"Feature","properties":{"osm_way_id":208019122,"highway":"motorway","length_km":7.81},"geometry":{"type":"LineString","coordinates":[[128.4641061,35.602628],[128.446251,35.6174719],[128.4369347,35.6644821]]}},{"type":"Feature","properties":{"osm_way_id":221050168,"highway":"motorway","length_km":6.22},"geometry":{"type":"LineString","coordinates":[[126.4633496,38.0920985],[126.4654929,38.1476027]]}},{"type":"Feature","properties":{"osm_way_id":227535441,"highway":"motorway","length_km":7.06},"geometry":{"type":"LineString","coordinates":[[126.5139253,37.4686217],[126.5596084,37.4171096]]}},{"type":"Feature","properties":{"osm_way_id":233962740,"highway":"motorway","length_km":7.05},"geometry":{"type":"LineString","coordinates":[[126.5596572,37.4172222],[126.5142038,37.4687159]]}},{"type":"Feature","properties":{"osm_way_id":236528088,"highway":"motorway","length_km":6.22},"geometry":{"type":"LineString","coordinates":[[126.4653634,38.1476239],[126.4632049,38.0920925]]}},{"type":"Feature","properties":{"osm_way_id":305828512,"highway":"motorway","length_km":4.54},"geometry":{"type":"LineString","coordinates":[[128.1784505,36.1376927],[128.1335023,36.1248415]]}},{"type":"Feature","properties":{"osm_way_id":306649232,"highway":"motorway","length_km":4.33},"geometry":{"type":"LineString","coordinates":[[128.4929627,35.904439],[128.4673462,35.9350964]]}},{"type":"Feature","properties":{"osm_way_id":324931323,"highway":"motorway","length_km":4.29},"geometry":{"type":"LineString","coordinates":[[127.1132344,35.9860269],[127.0971095,35.9504215]]}},{"type":"Feature","properties":{"osm_way_id":346383846,"highway":"motorway","length_km":5.17},"geometry":{"type":"LineString","coordinates":[[127.1135481,35.25909],[127.0596198,35.2575513]]}},{"type":"Feature","properties":{"osm_way_id":368475873,"highway":"motorway","length_km":4.63},"geometry":{"type":"LineString","coordinates":[[127.2136416,35.2309006],[127.2301242,35.2205401],[127.2349947,35.1970105]]}},{"type":"Feature","properties":{"osm_way_id":372821397,"highway":"motorway","length_km":3.96},"geometry":{"type":"LineString","coordinates":[[127.0350339,37.7132034],[126.99245,37.7226765]]}},{"type":"Feature","properties":{"osm_way_id":372821400,"highway":"motorway","length_km":3.95},"geometry":{"type":"LineString","coordinates":[[126.9923246,37.7223048],[127.0348526,37.712867]]}},{"type":"Feature","properties":{"osm_way_id":373206251,"highway":"motorway","length_km":3.51},"geometry":{"type":"LineString","coordinates":[[127.9999135,37.4172209],[127.9660235,37.4044666]]}},{"type":"Feature","properties":{"osm_way_id":378863805,"highway":"motorway","length_km":5.1},"geometry":{"type":"LineString","coordinates":[[127.9027846,35.633238],[127.8747359,35.5947986]]}},{"type":"Feature","properties":{"osm_way_id":380332427,"highway":"motorway","length_km":3.83},"geometry":{"type":"LineString","coordinates":[[127.9642222,35.707905],[127.9449867,35.6989211],[127.9404472,35.6836643]]}},{"type":"Feature","properties":{"osm_way_id":385227788,"highway":"motorway","length_km":5.46},"geometry":{"type":"LineString","coordinates":[[127.5610023,35.4784666],[127.5904526,35.4846442],[127.6032743,35.5049105]]}},{"type":"Feature","properties":{"osm_way_id":403112965,"highway":"motorway","length_km":4.68},"geometry":{"type":"LineString","coordinates":[[127.1187634,35.2580506],[127.1664756,35.2551506]]}},{"type":"Feature","properties":{"osm_way_id":403112966,"highway":"motorway","length_km":4.7},"geometry":{"type":"LineString","coordinates":[[127.1666178,35.2551484],[127.1187645,35.2581431]]}},{"type":"Feature","properties":{"osm_way_id":404123947,"highway":"motorway","length_km":4.42},"geometry":{"type":"LineString","coordinates":[[127.1298381,35.3646816],[127.0861775,35.3547505]]}},{"type":"Feature","properties":{"osm_way_id":463687894,"highway":"motorway","length_km":7.49},"geometry":{"type":"LineString","coordinates":[[129.4078088,35.7698088],[129.3340691,35.740713]]}},{"type":"Feature","properties":{"osm_way_id":463687896,"highway":"motorway","length_km":7.5},"geometry":{"type":"LineString","coordinates":[[129.3341723,35.740508],[129.4079891,35.7695916]]}},{"type":"Feature","properties":{"osm_way_id":463948623,"highway":"motorway","length_km":4.19},"geometry":{"type":"LineString","coordinates":[[128.1349127,37.463949],[128.1725593,37.4836816]]}},{"type":"Feature","properties":{"osm_way_id":466472010,"highway":"motorway","length_km":10.95},"geometry":{"type":"LineString","coordinates":[[128.5223367,37.982177],[128.4019273,37.9718612]]}},{"type":"Feature","properties":{"osm_way_id":468928173,"highway":"motorway","length_km":8.32},"geometry":{"type":"LineString","coordinates":[[128.435322,35.66878],[128.4459,35.61789],[128.4639934,35.6025645]]}},{"type":"Feature","properties":{"osm_way_id":478094495,"highway":"motorway","length_km":4.22},"geometry":{"type":"LineString","coordinates":[[128.0458512,37.2563572],[128.081417,37.2321911]]}},{"type":"Feature","properties":{"osm_way_id":481068005,"highway":"motorway","length_km":4.41},"geometry":{"type":"LineString","coordinates":[[127.0862694,35.354682],[127.1297644,35.3646097]]}},{"type":"Feature","properties":{"osm_way_id":481105211,"highway":"motorway","length_km":5.45},"geometry":{"type":"LineString","coordinates":[[127.6031377,35.5048789],[127.5905625,35.4848257],[127.5609655,35.4785449]]}},{"type":"Feature","properties":{"osm_way_id":481105219,"highway":"motorway","length_km":4.71},"geometry":{"type":"LineString","coordinates":[[127.8405107,35.5635928],[127.8744251,35.5943575]]}},{"type":"Feature","properties":{"osm_way_id":484302142,"highway":"motorway","length_km":4.97},"geometry":{"type":"LineString","coordinates":[[126.6330991,37.4633273],[126.6279483,37.5068176]]}},{"type":"Feature","properties":{"osm_way_id":484303139,"highway":"motorway","length_km":5.0},"geometry":{"type":"LineString","coordinates":[[126.6274794,37.5072344],[126.6329684,37.4633691]]}},{"type":"Feature","properties":{"osm_way_id":504160887,"highway":"motorway","length_km":10.95},"geometry":{"type":"LineString","coordinates":[[128.4021897,37.9716355],[128.5226112,37.9819537]]}},{"type":"Feature","properties":{"osm_way_id":504161081,"highway":"motorway","length_km":3.68},"geometry":{"type":"LineString","coordinates":[[128.1010934,37.7803367],[128.0693858,37.7587674]]}},{"type":"Feature","properties":{"osm_way_id":504161085,"highway":"motorway","length_km":3.7},"geometry":{"type":"LineString","coordinates":[[128.0698282,37.7586177],[128.1016687,37.7803702]]}},{"type":"Feature","properties":{"osm_way_id":504903160,"highway":"motorway","length_km":3.59},"geometry":{"type":"LineString","coordinates":[[127.1296617,37.5787348],[127.1161551,37.5866369],[127.1150695,37.6047507]]}},{"type":"Feature","properties":{"osm_way_id":504903162,"highway":"motorway","length_km":3.52},"geometry":{"type":"LineString","coordinates":[[127.1146783,37.6035285],[127.1165471,37.5851118],[127.1296869,37.5784366]]}},{"type":"Feature","properties":{"osm_way_id":535008463,"highway":"motorway","length_km":8.26},"geometry":{"type":"LineString","coordinates":[[128.6602781,37.684583],[128.5751522,37.656468]]}},{"type":"Feature","properties":{"osm_way_id":535008466,"highway":"motorway","length_km":8.26},"geometry":{"type":"LineString","coordinates":[[128.5752622,37.656338],[128.6603157,37.6845363]]}},{"type":"Feature","properties":{"osm_way_id":551976963,"highway":"motorway","length_km":9.0},"geometry":{"type":"LineString","coordinates":[[127.4456338,37.1044346],[127.441449,37.1848567]]}},{"type":"Feature","properties":{"osm_way_id":552720150,"highway":"motorway","length_km":5.23},"geometry":{"type":"LineString","coordinates":[[128.3653113,36.2916562],[128.4169406,36.2705895]]}},{"type":"Feature","properties":{"osm_way_id":558424903,"highway":"motorway","length_km":9.0},"geometry":{"type":"LineString","coordinates":[[127.4413055,37.1848523],[127.445506,37.1044345]]}},{"type":"Feature","properties":{"osm_way_id":559625576,"highway":"motorway","length_km":7.08},"geometry":{"type":"LineString","coordinates":[[129.0899096,35.2935086],[129.0634987,35.2952046],[129.0194744,35.2743998]]}},{"type":"Feature","properties":{"osm_way_id":559625580,"highway":"motorway","length_km":7.12},"geometry":{"type":"LineString","coordinates":[[129.0195415,35.2742969],[129.0633593,35.2948588],[129.0903917,35.2930125]]}},{"type":"Feature","properties":{"osm_way_id":559625622,"highway":"motorway","length_km":4.29},"geometry":{"type":"LineString","coordinates":[[128.9689424,35.2718633],[128.9287647,35.2919198]]}},{"type":"Feature","properties":{"osm_way_id":559625627,"highway":"motorway","length_km":4.3},"geometry":{"type":"LineString","coordinates":[[128.928472,35.2916735],[128.9688357,35.2716832]]}},{"type":"Feature","properties":{"osm_way_id":584210625,"highway":"motorway","length_km":4.42},"geometry":{"type":"LineString","coordinates":[[128.1385176,37.0732925],[128.0903295,37.0649963]]}},{"type":"Feature","properties":{"osm_way_id":584210626,"highway":"motorway","length_km":4.38},"geometry":{"type":"LineString","coordinates":[[128.0907914,37.0646626],[128.1386102,37.0728974]]}},{"type":"Feature","properties":{"osm_way_id":584913345,"highway":"motorway","length_km":4.41},"geometry":{"type":"LineString","coordinates":[[128.5184463,35.2636253],[128.4987603,35.2975991]]}},{"type":"Feature","properties":{"osm_way_id":585136708,"highway":"motorway","length_km":3.79},"geometry":{"type":"LineString","coordinates":[[129.0121299,35.9618715],[129.0130681,35.9304917]]}},{"type":"Feature","properties":{"osm_way_id":585136739,"highway":"motorway","length_km":5.12},"geometry":{"type":"LineString","coordinates":[[128.8316203,36.0435205],[128.8594251,36.0452797],[128.8829002,36.0322847]]}},{"type":"Feature","properties":{"osm_way_id":585136758,"highway":"motorway","length_km":3.53},"geometry":{"type":"LineString","coordinates":[[128.6999912,36.0761875],[128.6667486,36.0927934]]}},{"type":"Feature","properties":{"osm_way_id":585136763,"highway":"motorway","length_km":3.55},"geometry":{"type":"LineString","coordinates":[[128.6665847,36.0927982],[128.6999528,36.0760947]]}},{"type":"Feature","properties":{"osm_way_id":585144210,"highway":"motorway","length_km":5.24},"geometry":{"type":"LineString","coordinates":[[128.4171586,36.2708189],[128.36539,36.2917432]]}},{"type":"Feature","properties":{"osm_way_id":592137242,"highway":"motorway","length_km":5.16},"geometry":{"type":"LineString","coordinates":[[127.0596782,35.2574629],[127.1134973,35.2589775]]}},{"type":"Feature","properties":{"osm_way_id":592773060,"highway":"motorway","length_km":4.72},"geometry":{"type":"LineString","coordinates":[[127.8743681,35.5944409],[127.8403596,35.5636486]]}},{"type":"Feature","properties":{"osm_way_id":592773063,"highway":"motorway","length_km":5.09},"geometry":{"type":"LineString","coordinates":[[127.8748145,35.5947602],[127.9028711,35.6331807]]}},{"type":"Feature","properties":{"osm_way_id":592775727,"highway":"motorway","length_km":3.8},"geometry":{"type":"LineString","coordinates":[[128.3197053,35.7396621],[128.3577838,35.7526009]]}},{"type":"Feature","properties":{"osm_way_id":592973768,"highway":"motorway","length_km":3.62},"geometry":{"type":"LineString","coordinates":[[127.9386574,36.4403555],[127.8997362,36.4467027]]}},{"type":"Feature","properties":{"osm_way_id":595632791,"highway":"motorway","length_km":3.83},"geometry":{"type":"LineString","coordinates":[[127.3650552,37.2994663],[127.3377183,37.3255689]]}},{"type":"Feature","properties":{"osm_way_id":602475829,"highway":"motorway","length_km":3.5},"geometry":{"type":"LineString","coordinates":[[126.7537997,36.0660337],[126.7854002,36.0497567]]}},{"type":"Feature","properties":{"osm_way_id":605079353,"highway":"motorway","length_km":4.2},"geometry":{"type":"LineString","coordinates":[[128.2759076,35.2495179],[128.2815042,35.2685757],[128.3001983,35.2774346]]}},{"type":"Feature","properties":{"osm_way_id":605987450,"highway":"motorway","length_km":4.65},"geometry":{"type":"LineString","coordinates":[[127.2351367,35.1970299],[127.2305315,35.2201049],[127.2136432,35.2310034]]}},{"type":"Feature","properties":{"osm_way_id":630456198,"highway":"motorway","length_km":5.98},"geometry":{"type":"LineString","coordinates":[[128.8274322,35.1758959],[128.8598527,35.1782927],[128.8882205,35.1651193]]}},{"type":"Feature","properties":{"osm_way_id":668867679,"highway":"motorway","length_km":5.49},"geometry":{"type":"LineString","coordinates":[[127.79685,37.27283],[127.7526122,37.2421561]]}},{"type":"Feature","properties":{"osm_way_id":749506017,"highway":"motorway","length_km":4.47},"geometry":{"type":"LineString","coordinates":[[128.24551,37.51206],[128.2888136,37.5303735]]}},{"type":"Feature","properties":{"osm_way_id":769261634,"highway":"motorway","length_km":5.14},"geometry":{"type":"LineString","coordinates":[[128.8830401,36.0323123],[128.8588323,36.0455158],[128.8315802,36.0436056]]}},{"type":"Feature","properties":{"osm_way_id":775897456,"highway":"motorway","length_km":4.83},"geometry":{"type":"LineString","coordinates":[[127.0942871,35.9462565],[127.113579,35.9859198]]}},{"type":"Feature","properties":{"osm_way_id":779275946,"highway":"motorway","length_km":4.24},"geometry":{"type":"LineString","coordinates":[[127.3028126,37.4134432],[127.3161535,37.3771973]]}},{"type":"Feature","properties":{"osm_way_id":779275951,"highway":"motorway","length_km":4.21},"geometry":{"type":"LineString","coordinates":[[127.3035714,37.4133765],[127.3165402,37.3772274]]}},{"type":"Feature","properties":{"osm_way_id":791237137,"highway":"motorway","length_km":4.27},"geometry":{"type":"LineString","coordinates":[[126.7476188,37.4864095],[126.7517389,37.5243463]]}},{"type":"Feature","properties":{"osm_way_id":794799658,"highway":"motorway","length_km":3.82},"geometry":{"type":"LineString","coordinates":[[129.0131808,35.9304891],[129.0120514,35.9620432]]}},{"type":"Feature","properties":{"osm_way_id":861225014,"highway":"motorway","length_km":3.71},"geometry":{"type":"LineString","coordinates":[[127.1717952,37.5027136],[127.1717208,37.4699225]]}},{"type":"Feature","properties":{"osm_way_id":861225016,"highway":"motorway","length_km":4.63},"geometry":{"type":"LineString","coordinates":[[127.1717208,37.4699225],[127.1901537,37.4315261]]}},{"type":"Feature","properties":{"osm_way_id":861225017,"highway":"motorway","length_km":3.67},"geometry":{"type":"LineString","coordinates":[[127.1719024,37.4702671],[127.1721364,37.5027891]]}},{"type":"Feature","properties":{"osm_way_id":862758155,"highway":"motorway","length_km":4.67},"geometry":{"type":"LineString","coordinates":[[127.1905422,37.4316119],[127.1719024,37.4702671]]}},{"type":"Feature","properties":{"osm_way_id":869066578,"highway":"motorway","length_km":6.37},"geometry":{"type":"LineString","coordinates":[[129.011549,35.5291929],[129.0802258,35.524694]]}},{"type":"Feature","properties":{"osm_way_id":869066580,"highway":"motorway","length_km":6.37},"geometry":{"type":"LineString","coordinates":[[129.080327,35.5248833],[129.0115379,35.5295225]]}},{"type":"Feature","properties":{"osm_way_id":883124689,"highway":"motorway","length_km":7.77},"geometry":{"type":"LineString","coordinates":[[129.0065796,35.5272148],[128.9260999,35.5036693]]}},{"type":"Feature","properties":{"osm_way_id":883124690,"highway":"motorway","length_km":7.71},"geometry":{"type":"LineString","coordinates":[[128.9265789,35.5034944],[129.0064603,35.5267001]]}},{"type":"Feature","properties":{"osm_way_id":1051966994,"highway":"motorway","length_km":3.91},"geometry":{"type":"LineString","coordinates":[[127.330659,37.5943545],[127.3185526,37.6279595]]}},{"type":"Feature","properties":{"osm_way_id":1051966995,"highway":"motorway","length_km":3.87},"geometry":{"type":"LineString","coordinates":[[127.3182745,37.6274943],[127.3305375,37.5942415]]}},{"type":"Feature","properties":{"osm_way_id":1051968020,"highway":"motorway","length_km":3.59},"geometry":{"type":"LineString","coordinates":[[127.2387381,37.7690812],[127.2703945,37.748769]]}},{"type":"Feature","properties":{"osm_way_id":1051968021,"highway":"motorway","length_km":3.54},"geometry":{"type":"LineString","coordinates":[[127.27047,37.7490544],[127.2392294,37.7690879]]}},{"type":"Feature","properties":{"osm_way_id":1054964131,"highway":"motorway","length_km":4.57},"geometry":{"type":"LineString","coordinates":[[126.9018307,37.8376826],[126.95199,37.84239]]}},{"type":"Feature","properties":{"osm_way_id":1054964132,"highway":"motorway","length_km":4.59},"geometry":{"type":"LineString","coordinates":[[126.9522615,37.8428027],[126.9019151,37.8379526]]}},{"type":"Feature","properties":{"osm_way_id":1063310934,"highway":"motorway","length_km":5.08},"geometry":{"type":"LineString","coordinates":[[128.5284057,35.4666579],[128.5839054,35.4733598]]}},{"type":"Feature","properties":{"osm_way_id":1063310935,"highway":"motorway","length_km":4.95},"geometry":{"type":"LineString","coordinates":[[128.5818542,35.4733809],[128.5278342,35.4668223]]}},{"type":"Feature","properties":{"osm_way_id":1116524433,"highway":"motorway","length_km":3.51},"geometry":{"type":"LineString","coordinates":[[128.1334744,37.4643171],[128.1126075,37.4732661],[128.1068106,37.4648615]]}},{"type":"Feature","properties":{"osm_way_id":1116524434,"highway":"motorway","length_km":3.62},"geometry":{"type":"LineString","coordinates":[[128.1069389,37.4648979],[128.1126176,37.473176],[128.1349127,37.463949]]}},{"type":"Feature","properties":{"osm_way_id":1119744302,"highway":"motorway","length_km":3.55},"geometry":{"type":"LineString","coordinates":[[128.5018264,35.5195309],[128.5107771,35.4898052]]}},{"type":"Feature","properties":{"osm_way_id":1119744303,"highway":"motorway","length_km":3.53},"geometry":{"type":"LineString","coordinates":[[128.5108769,35.4899434],[128.5020079,35.5195239]]}},{"type":"Feature","properties":{"osm_way_id":1123518543,"highway":"motorway","length_km":3.56},"geometry":{"type":"LineString","coordinates":[[126.5671024,36.4150111],[126.5553736,36.3859958]]}},{"type":"Feature","properties":{"osm_way_id":1123518544,"highway":"motorway","length_km":3.54},"geometry":{"type":"LineString","coordinates":[[126.5554779,36.3861539],[126.5672006,36.4149397]]}},{"type":"Feature","properties":{"osm_way_id":1123598336,"highway":"motorway","length_km":3.5},"geometry":{"type":"LineString","coordinates":[[126.7855061,36.0498566],[126.753851,36.0661354]]}},{"type":"Feature","properties":{"osm_way_id":1123793313,"highway":"motorway","length_km":5.47},"geometry":{"type":"LineString","coordinates":[[126.8351844,35.8098514],[126.8432582,35.85855]]}},{"type":"Feature","properties":{"osm_way_id":1123793314,"highway":"motorway","length_km":5.48},"geometry":{"type":"LineString","coordinates":[[126.8431018,35.8584772],[126.8350074,35.8096954]]}},{"type":"Feature","properties":{"osm_way_id":1124032232,"highway":"motorway","length_km":3.84},"geometry":{"type":"LineString","coordinates":[[126.4914709,35.2210187],[126.4844572,35.1874548]]}},{"type":"Feature","properties":{"osm_way_id":1124032233,"highway":"motorway","length_km":3.84},"geometry":{"type":"LineString","coordinates":[[126.4845628,35.187447],[126.491627,35.2209835]]}},{"type":"Feature","properties":{"osm_way_id":1125967331,"highway":"motorway","length_km":4.83},"geometry":{"type":"LineString","coordinates":[[126.9192602,37.4298802],[126.9692481,37.4161783]]}},{"type":"Feature","properties":{"osm_way_id":1125967335,"highway":"motorway","length_km":4.87},"geometry":{"type":"LineString","coordinates":[[126.969467,37.4164315],[126.9190624,37.4301629]]}},{"type":"Feature","properties":{"osm_way_id":1137570119,"highway":"motorway","length_km":4.06},"geometry":{"type":"LineString","coordinates":[[128.4672274,35.9349811],[128.4918594,35.9065742]]}},{"type":"Feature","properties":{"osm_way_id":1165363526,"highway":"motorway","length_km":3.57},"geometry":{"type":"LineString","coordinates":[[128.0013397,36.2036135],[127.966971,36.2124267]]}},{"type":"Feature","properties":{"osm_way_id":1165593829,"highway":"motorway","length_km":3.91},"geometry":{"type":"LineString","coordinates":[[128.1334652,36.124724],[128.1734348,36.133598]]}},{"type":"Feature","properties":{"osm_way_id":1175027037,"highway":"motorway","length_km":6.24},"geometry":{"type":"LineString","coordinates":[[128.9550524,35.9224659],[128.9842243,35.9327893],[129.0080543,35.9120035]]}},{"type":"Feature","properties":{"osm_way_id":1175030016,"highway":"motorway","length_km":4.06},"geometry":{"type":"LineString","coordinates":[[129.0875772,35.8409678],[129.0630895,35.8704836]]}},{"type":"Feature","properties":{"osm_way_id":1175030017,"highway":"motorway","length_km":4.03},"geometry":{"type":"LineString","coordinates":[[129.0629504,35.8699398],[129.0874552,35.8408997]]}},{"type":"Feature","properties":{"osm_way_id":1175791902,"highway":"motorway","length_km":3.79},"geometry":{"type":"LineString","coordinates":[[129.1721131,35.8125429],[129.1926624,35.7872694]]}},{"type":"Feature","properties":{"osm_way_id":1175797415,"highway":"motorway","length_km":4.02},"geometry":{"type":"LineString","coordinates":[[129.1947306,35.7484939],[129.1911065,35.7126936]]}},{"type":"Feature","properties":{"osm_way_id":1175797416,"highway":"motorway","length_km":3.75},"geometry":{"type":"LineString","coordinates":[[129.1920055,35.7150687],[129.1948769,35.7484979]]}},{"type":"Feature","properties":{"osm_way_id":1175824329,"highway":"motorway","length_km":3.71},"geometry":{"type":"LineString","coordinates":[[129.1426781,35.6028422],[129.1310915,35.5709275]]}},{"type":"Feature","properties":{"osm_way_id":1175824330,"highway":"motorway","length_km":3.71},"geometry":{"type":"LineString","coordinates":[[129.131242,35.5708947],[129.14281,35.6027946]]}},{"type":"Feature","properties":{"osm_way_id":1259025525,"highway":"motorway","length_km":4.25},"geometry":{"type":"LineString","coordinates":[[127.36464,36.7133209],[127.4084913,36.7232153]]}},{"type":"Feature","properties":{"osm_way_id":1259025526,"highway":"motorway","length_km":4.24},"geometry":{"type":"LineString","coordinates":[[127.408439,36.7232782],[127.3646616,36.7134148]]}},{"type":"Feature","properties":{"osm_way_id":1302712622,"highway":"motorway","length_km":3.58},"geometry":{"type":"LineString","coordinates":[[127.2374207,35.8096341],[127.1995751,35.8012133]]}},{"type":"Feature","properties":{"osm_way_id":1302712623,"highway":"motorway","length_km":3.55},"geometry":{"type":"LineString","coordinates":[[127.1999499,35.8011241],[127.2376249,35.809305]]}},{"type":"Feature","properties":{"osm_way_id":1341508111,"highway":"motorway","length_km":4.45},"geometry":{"type":"LineString","coordinates":[[126.7778716,36.6106042],[126.778715,36.5729008]]}},{"type":"Feature","properties":{"osm_way_id":1341508112,"highway":"motorway","length_km":4.46},"geometry":{"type":"LineString","coordinates":[[126.7788947,36.572854],[126.7780163,36.6106247]]}},{"type":"Feature","properties":{"osm_way_id":1420122436,"highway":"motorway","length_km":3.56},"geometry":{"type":"LineString","coordinates":[[127.1276051,35.7577999],[127.1583044,35.775795]]}},{"type":"Feature","properties":{"osm_way_id":1420122437,"highway":"motorway","length_km":3.61},"geometry":{"type":"LineString","coordinates":[[127.1588328,35.7762991],[127.1276062,35.7579139]]}},{"type":"Feature","properties":{"osm_way_id":1462116170,"highway":"motorway","length_km":5.26},"geometry":{"type":"LineString","coordinates":[[126.1174676,38.4463329],[126.1672551,38.419581]]}},{"type":"Feature","properties":{"osm_way_id":28485703,"highway":"primary","length_km":6.76},"geometry":{"type":"LineString","coordinates":[[128.8174746,36.5397073],[128.858146,36.5326053],[128.8823199,36.5449671]]}},{"type":"Feature","properties":{"osm_way_id":37384111,"highway":"primary","length_km":8.23},"geometry":{"type":"LineString","coordinates":[[127.25425,35.0096689],[127.26841,35.01588],[127.25398,35.02596],[127.267653,35.060984]]}},{"type":"Feature","properties":{"osm_way_id":37384799,"highway":"primary","length_km":7.46},"geometry":{"type":"LineString","coordinates":[[128.0899864,37.5434738],[128.14216,37.57977]]}},{"type":"Feature","properties":{"osm_way_id":37385325,"highway":"primary","length_km":7.31},"geometry":{"type":"LineString","coordinates":[[128.3769784,35.5194037],[128.410253,35.5067959],[128.4270119,35.5341904]]}},{"type":"Feature","properties":{"osm_way_id":37386014,"highway":"primary","length_km":6.18},"geometry":{"type":"LineString","coordinates":[[126.8011565,34.8039008],[126.7715266,34.8490222]]}},{"type":"Feature","properties":{"osm_way_id":37387982,"highway":"primary","length_km":9.69},"geometry":{"type":"LineString","coordinates":[[127.6017249,37.1337448],[127.5455962,37.2003202]]}},{"type":"Feature","properties":{"osm_way_id":37388744,"highway":"primary","length_km":12.8},"geometry":{"type":"LineString","coordinates":[[129.0769222,36.8391847],[128.99709,36.87004],[129.0032697,36.8920243]]}},{"type":"Feature","properties":{"osm_way_id":37389162,"highway":"primary","length_km":7.76},"geometry":{"type":"LineString","coordinates":[[129.5077083,35.8232092],[129.5304867,35.8671801],[129.5171019,35.8769428]]}},{"type":"Feature","properties":{"osm_way_id":37390189,"highway":"primary","length_km":9.47},"geometry":{"type":"LineString","coordinates":[[127.9773163,36.8974288],[128.0568067,36.9199749]]}},{"type":"Feature","properties":{"osm_way_id":37394418,"highway":"primary","length_km":6.92},"geometry":{"type":"LineString","coordinates":[[128.8027814,37.5013051],[128.8639017,37.4976545]]}},{"type":"Feature","properties":{"osm_way_id":37394846,"highway":"primary","length_km":8.59},"geometry":{"type":"LineString","coordinates":[[128.52807,37.9821061],[128.5616686,38.0445498]]}},{"type":"Feature","properties":{"osm_way_id":37394854,"highway":"primary","length_km":10.08},"geometry":{"type":"LineString","coordinates":[[127.6094291,38.0496445],[127.5424894,38.0625776]]}},{"type":"Feature","properties":{"osm_way_id":37394897,"highway":"primary","length_km":7.46},"geometry":{"type":"LineString","coordinates":[[127.8254409,35.1383743],[127.8383948,35.1910842]]}},{"type":"Feature","properties":{"osm_way_id":37395646,"highway":"primary","length_km":6.18},"geometry":{"type":"LineString","coordinates":[[126.8286331,37.087167],[126.8810328,37.1129285]]}},{"type":"Feature","properties":{"osm_way_id":37407401,"highway":"primary","length_km":6.63},"geometry":{"type":"LineString","coordinates":[[127.2527114,36.7698727],[127.2731335,36.8219098]]}},{"type":"Feature","properties":{"osm_way_id":37411870,"highway":"primary","length_km":6.79},"geometry":{"type":"LineString","coordinates":[[126.8004971,34.3990499],[126.8652548,34.390182]]}},{"type":"Feature","properties":{"osm_way_id":37672031,"highway":"primary","length_km":12.83},"geometry":{"type":"LineString","coordinates":[[127.8079982,35.6331244],[127.7660424,35.6165996],[127.6962731,35.6482853]]}},{"type":"Feature","properties":{"osm_way_id":38028057,"highway":"primary","length_km":8.06},"geometry":{"type":"LineString","coordinates":[[128.4870855,36.489888],[128.4647916,36.5355584]]}},{"type":"Feature","properties":{"osm_way_id":38326191,"highway":"primary","length_km":8.48},"geometry":{"type":"LineString","coordinates":[[126.4879427,35.8019631],[126.5240225,35.7321293]]}},{"type":"Feature","properties":{"osm_way_id":44573163,"highway":"primary","length_km":13.43},"geometry":{"type":"LineString","coordinates":[[128.2649179,37.8237691],[128.2616827,37.8009909],[128.30742,37.74925]]}},{"type":"Feature","properties":{"osm_way_id":53721706,"highway":"primary","length_km":8.47},"geometry":{"type":"LineString","coordinates":[[128.0574985,34.8595886],[128.0617647,34.8413423],[128.0479146,34.8380474],[128.0187436,34.8556182]]}},{"type":"Feature","properties":{"osm_way_id":54382416,"highway":"primary","length_km":7.83},"geometry":{"type":"LineString","coordinates":[[127.4760578,37.5288004],[127.4579496,37.5792642]]}},{"type":"Feature","properties":{"osm_way_id":54676688,"highway":"primary","length_km":8.09},"geometry":{"type":"LineString","coordinates":[[127.8537657,35.7327873],[127.8745221,35.8002586]]}},{"type":"Feature","properties":{"osm_way_id":54681921,"highway":"primary","length_km":10.25},"geometry":{"type":"LineString","coordinates":[[127.75523,35.93233],[127.75504,35.95433],[127.7943691,35.9954472]]}},{"type":"Feature","properties":{"osm_way_id":56177520,"highway":"primary","length_km":6.5},"geometry":{"type":"LineString","coordinates":[[128.1797576,34.9308169],[128.1729029,34.9147964],[128.1319799,34.9249961]]}},{"type":"Feature","properties":{"osm_way_id":59381279,"highway":"primary","length_km":6.4},"geometry":{"type":"LineString","coordinates":[[129.3281378,35.3506095],[129.3554287,35.358705],[129.3428843,35.3812795]]}},{"type":"Feature","properties":{"osm_way_id":64147143,"highway":"primary","length_km":6.18},"geometry":{"type":"LineString","coordinates":[[129.0543755,36.2232663],[129.0335261,36.2706591]]}},{"type":"Feature","properties":{"osm_way_id":67285995,"highway":"primary","length_km":9.49},"geometry":{"type":"LineString","coordinates":[[127.3261954,35.6285076],[127.3632225,35.6389788],[127.3838681,35.6783498]]}},{"type":"Feature","properties":{"osm_way_id":81611129,"highway":"primary","length_km":6.02},"geometry":{"type":"LineString","coordinates":[[128.1124199,36.9179763],[128.1279,36.93128],[128.1611758,36.9171184]]}},{"type":"Feature","properties":{"osm_way_id":83999385,"highway":"primary","length_km":12.05},"geometry":{"type":"LineString","coordinates":[[128.1899829,38.0678974],[128.2362124,38.0120045],[128.2687687,38.0106727]]}},{"type":"Feature","properties":{"osm_way_id":84161756,"highway":"primary","length_km":10.41},"geometry":{"type":"LineString","coordinates":[[128.0434857,38.2151183],[128.0385407,38.1928039],[128.0126333,38.1886593],[128.0132581,38.1433829]]}},{"type":"Feature","properties":{"osm_way_id":86126955,"highway":"primary","length_km":6.13},"geometry":{"type":"LineString","coordinates":[[127.5987381,36.002762],[127.5694334,36.0375655]]}},{"type":"Feature","properties":{"osm_way_id":86126971,"highway":"primary","length_km":9.94},"geometry":{"type":"LineString","coordinates":[[127.75809,36.01445],[127.73424,36.02916],[127.71327,36.01753],[127.7113866,36.0325688],[127.6992549,36.0231732]]}},{"type":"Feature","properties":{"osm_way_id":86127005,"highway":"primary","length_km":8.75},"geometry":{"type":"LineString","coordinates":[[128.1443787,35.9355123],[128.1324623,36.0090331]]}},{"type":"Feature","properties":{"osm_way_id":108738603,"highway":"primary","length_km":13.36},"geometry":{"type":"LineString","coordinates":[[126.1560856,38.0262232],[126.2091741,38.1026218],[126.2053172,38.1207967]]}},{"type":"Feature","properties":{"osm_way_id":108953084,"highway":"primary","length_km":9.09},"geometry":{"type":"LineString","coordinates":[[127.5940753,38.4195988],[127.6277112,38.411243],[127.6477746,38.4526946]]}},{"type":"Feature","properties":{"osm_way_id":113648883,"highway":"primary","length_km":6.16},"geometry":{"type":"LineString","coordinates":[[129.2001977,34.2437744],[129.2007523,34.2694611]]}},{"type":"Feature","properties":{"osm_way_id":133336515,"highway":"primary","length_km":6.76},"geometry":{"type":"LineString","coordinates":[[127.8106604,36.6812265],[127.8608333,36.6716707]]}},{"type":"Feature","properties":{"osm_way_id":136924134,"highway":"primary","length_km":6.06},"geometry":{"type":"LineString","coordinates":[[128.0712825,37.2354123],[128.0219395,37.2690393]]}},{"type":"Feature","properties":{"osm_way_id":141027123,"highway":"primary","length_km":8.2},"geometry":{"type":"LineString","coordinates":[[128.2874393,35.5530664],[128.3462516,35.5680457],[128.3476389,35.551035]]}},{"type":"Feature","properties":{"osm_way_id":141027162,"highway":"primary","length_km":7.07},"geometry":{"type":"LineString","coordinates":[[128.1254695,35.6476094],[128.1641899,35.617841]]}},{"type":"Feature","properties":{"osm_way_id":168811125,"highway":"primary","length_km":6.32},"geometry":{"type":"LineString","coordinates":[[127.9796267,35.6401131],[127.9598376,35.6363293],[127.942052,35.6712559]]}},{"type":"Feature","properties":{"osm_way_id":199386698,"highway":"primary","length_km":9.74},"geometry":{"type":"LineString","coordinates":[[128.3402944,34.8277642],[128.34916,34.84054],[128.3878832,34.8134324]]}},{"type":"Feature","properties":{"osm_way_id":199400698,"highway":"primary","length_km":6.63},"geometry":{"type":"LineString","coordinates":[[126.474008,38.2044455],[126.4906553,38.1916054],[126.4721887,38.1583087]]}},{"type":"Feature","properties":{"osm_way_id":199530577,"highway":"primary","length_km":9.25},"geometry":{"type":"LineString","coordinates":[[126.3002533,38.377787],[126.2722142,38.4084445],[126.2246237,38.4225521]]}},{"type":"Feature","properties":{"osm_way_id":199530617,"highway":"primary","length_km":7.16},"geometry":{"type":"LineString","coordinates":[[126.4145645,38.320517],[126.4367055,38.2635776]]}},{"type":"Feature","properties":{"osm_way_id":199558024,"highway":"primary","length_km":10.54},"geometry":{"type":"LineString","coordinates":[[126.5945729,38.2475486],[126.6352318,38.2517023],[126.6694792,38.3002966]]}},{"type":"Feature","properties":{"osm_way_id":206189774,"highway":"primary","length_km":9.9},"geometry":{"type":"LineString","coordinates":[[128.6236968,35.5562135],[128.5912167,35.5794589],[128.5676036,35.5590988]]}},{"type":"Feature","properties":{"osm_way_id":221111478,"highway":"primary","length_km":6.07},"geometry":{"type":"LineString","coordinates":[[126.3551726,38.3017379],[126.3958973,38.3337405]]}},{"type":"Feature","properties":{"osm_way_id":229030068,"highway":"primary","length_km":14.61},"geometry":{"type":"LineString","coordinates":[[126.4769504,35.8217245],[126.5364263,35.9423543]]}},{"type":"Feature","properties":{"osm_way_id":236528087,"highway":"primary","length_km":8.34},"geometry":{"type":"LineString","coordinates":[[126.4670688,38.1507246],[126.4529275,38.0820169]]}},{"type":"Feature","properties":{"osm_way_id":242638586,"highway":"primary","length_km":7.9},"geometry":{"type":"LineString","coordinates":[[127.3082116,38.41064],[127.3925132,38.4022752]]}},{"type":"Feature","properties":{"osm_way_id":243390560,"highway":"primary","length_km":7.37},"geometry":{"type":"LineString","coordinates":[[127.16304,38.3854537],[127.186652,38.4266978]]}},{"type":"Feature","properties":{"osm_way_id":278806897,"highway":"primary","length_km":10.66},"geometry":{"type":"LineString","coordinates":[[126.5255306,36.4469554],[126.5264195,36.4924157],[126.4830817,36.5169003]]}},{"type":"Feature","properties":{"osm_way_id":281244841,"highway":"primary","length_km":8.25},"geometry":{"type":"LineString","coordinates":[[128.8799907,36.2700129],[128.8595956,36.2426449],[128.8175348,36.2389693]]}},{"type":"Feature","properties":{"osm_way_id":317908100,"highway":"primary","length_km":6.33},"geometry":{"type":"LineString","coordinates":[[128.0383009,35.8998908],[127.9859443,35.8973178]]}},{"type":"Feature","properties":{"osm_way_id":351105968,"highway":"primary","length_km":11.36},"geometry":{"type":"LineString","coordinates":[[126.6687173,35.6099925],[126.7112095,35.5234663]]}},{"type":"Feature","properties":{"osm_way_id":351442125,"highway":"primary","length_km":7.06},"geometry":{"type":"LineString","coordinates":[[127.2280098,38.3098318],[127.172954,38.2649143]]}},{"type":"Feature","properties":{"osm_way_id":360135353,"highway":"primary","length_km":7.2},"geometry":{"type":"LineString","coordinates":[[126.2337924,34.8601381],[126.1548386,34.8607906]]}},{"type":"Feature","properties":{"osm_way_id":364165415,"highway":"primary","length_km":9.89},"geometry":{"type":"LineString","coordinates":[[128.7111694,37.1465386],[128.7293001,37.1236223],[128.7799497,37.1180233]]}},{"type":"Feature","properties":{"osm_way_id":382675515,"highway":"primary","length_km":8.99},"geometry":{"type":"LineString","coordinates":[[126.8585461,38.4423293],[126.8439144,38.4061428],[126.8663338,38.3990469]]}},{"type":"Feature","properties":{"osm_way_id":402936260,"highway":"primary","length_km":7.12},"geometry":{"type":"LineString","coordinates":[[127.4307114,37.1132735],[127.4388719,37.1763298]]}},{"type":"Feature","properties":{"osm_way_id":403101271,"highway":"primary","length_km":8.24},"geometry":{"type":"LineString","coordinates":[[127.23715,34.80182],[127.1562639,34.7760055]]}},{"type":"Feature","properties":{"osm_way_id":418282576,"highway":"primary","length_km":6.84},"geometry":{"type":"LineString","coordinates":[[128.28976,36.3018144],[128.2781593,36.2967903],[128.2744627,36.3428143]]}},{"type":"Feature","properties":{"osm_way_id":432386777,"highway":"primary","length_km":6.61},"geometry":{"type":"LineString","coordinates":[[127.661575,38.1622712],[127.6632576,38.2094732]]}},{"type":"Feature","properties":{"osm_way_id":464378143,"highway":"primary","length_km":7.11},"geometry":{"type":"LineString","coordinates":[[127.5287055,37.8965197],[127.5048886,37.8960513],[127.4936341,37.9280283]]}},{"type":"Feature","properties":{"osm_way_id":468235598,"highway":"primary","length_km":12.81},"geometry":{"type":"LineString","coordinates":[[126.3298393,34.4986991],[126.3632712,34.4714887],[126.33833,34.46209],[126.3506355,34.4292762]]}},{"type":"Feature","properties":{"osm_way_id":469082076,"highway":"primary","length_km":12.8},"geometry":{"type":"LineString","coordinates":[[126.6586364,34.3286664],[126.7039049,34.3243164],[126.71184,34.3019272],[126.7423008,34.3036584],[126.7421525,34.3168623]]}},{"type":"Feature","properties":{"osm_way_id":471459295,"highway":"primary","length_km":21.62},"geometry":{"type":"LineString","coordinates":[[128.8692321,37.5030455],[128.9252664,37.5366072],[129.0008732,37.535133]]}},{"type":"Feature","properties":{"osm_way_id":475647181,"highway":"primary","length_km":8.47},"geometry":{"type":"LineString","coordinates":[[126.96966,36.6243261],[126.9714108,36.5757836],[126.9549538,36.5560364]]}},{"type":"Feature","properties":{"osm_way_id":477123811,"highway":"primary","length_km":9.21},"geometry":{"type":"LineString","coordinates":[[128.45813,37.70417],[128.4631,37.67203],[128.49611,37.63826]]}},{"type":"Feature","properties":{"osm_way_id":478424962,"highway":"primary","length_km":6.39},"geometry":{"type":"LineString","coordinates":[[128.6784912,34.814721],[128.7020326,34.810863],[128.6992935,34.8353266]]}},{"type":"Feature","properties":{"osm_way_id":478424964,"highway":"primary","length_km":7.76},"geometry":{"type":"LineString","coordinates":[[128.6283157,34.7369465],[128.6512773,34.7374043],[128.6411017,34.77489]]}},{"type":"Feature","properties":{"osm_way_id":485145218,"highway":"primary","length_km":6.22},"geometry":{"type":"LineString","coordinates":[[127.5257205,38.0967132],[127.5304062,38.1494742]]}},{"type":"Feature","properties":{"osm_way_id":485959424,"highway":"primary","length_km":6.04},"geometry":{"type":"LineString","coordinates":[[126.4925503,37.650929],[126.4809024,37.6993983]]}},{"type":"Feature","properties":{"osm_way_id":486005417,"highway":"primary","length_km":6.64},"geometry":{"type":"LineString","coordinates":[[129.0402097,37.1725077],[129.0371314,37.2136784]]}},{"type":"Feature","properties":{"osm_way_id":524757938,"highway":"primary","length_km":6.97},"geometry":{"type":"LineString","coordinates":[[127.4509416,38.0412991],[127.441787,37.9894854]]}},{"type":"Feature","properties":{"osm_way_id":527834940,"highway":"primary","length_km":10.26},"geometry":{"type":"LineString","coordinates":[[127.4579496,37.5792642],[127.4931881,37.6016497],[127.4852671,37.6306982]]}},{"type":"Feature","properties":{"osm_way_id":531664882,"highway":"primary","length_km":7.02},"geometry":{"type":"LineString","coordinates":[[128.886114,36.816175],[128.9029656,36.8577726],[128.8892371,36.8611707]]}},{"type":"Feature","properties":{"osm_way_id":532115461,"highway":"primary","length_km":7.19},"geometry":{"type":"LineString","coordinates":[[126.4287539,34.8858294],[126.4424721,34.9453066]]}},{"type":"Feature","properties":{"osm_way_id":532972690,"highway":"primary","length_km":16.86},"geometry":{"type":"LineString","coordinates":[[126.1993085,34.3689879],[126.28231,34.39777],[126.2779118,34.4337182]]}},{"type":"Feature","properties":{"osm_way_id":537144570,"highway":"primary","length_km":6.71},"geometry":{"type":"LineString","coordinates":[[127.4133956,35.5869657],[127.4513116,35.597935]]}},{"type":"Feature","properties":{"osm_way_id":537946874,"highway":"primary","length_km":9.96},"geometry":{"type":"LineString","coordinates":[[127.5134074,35.5012037],[127.5441678,35.5323782],[127.4956381,35.5489571]]}},{"type":"Feature","properties":{"osm_way_id":538768826,"highway":"primary","length_km":8.25},"geometry":{"type":"LineString","coordinates":[[128.1455331,35.7843689],[128.14445,35.80261],[128.18775,35.8294801]]}},{"type":"Feature","properties":{"osm_way_id":539533587,"highway":"primary","length_km":10.35},"geometry":{"type":"LineString","coordinates":[[127.9874688,34.7232305],[127.9833878,34.739754],[127.9449224,34.7461249],[127.9634158,34.775132]]}},{"type":"Feature","properties":{"osm_way_id":540664359,"highway":"primary","length_km":8.54},"geometry":{"type":"LineString","coordinates":[[127.9889402,35.5876294],[128.01694,35.59393],[128.0428522,35.6296253]]}},{"type":"Feature","properties":{"osm_way_id":544572830,"highway":"primary","length_km":6.84},"geometry":{"type":"LineString","coordinates":[[126.5089905,36.3221044],[126.4491182,36.3595515]]}},{"type":"Feature","properties":{"osm_way_id":544572831,"highway":"primary","length_km":6.83},"geometry":{"type":"LineString","coordinates":[[126.4490418,36.3593203],[126.5088471,36.3219615]]}},{"type":"Feature","properties":{"osm_way_id":546749502,"highway":"primary","length_km":7.93},"geometry":{"type":"LineString","coordinates":[[126.7776452,34.3536624],[126.8058212,34.4117944]]}},{"type":"Feature","properties":{"osm_way_id":547045182,"highway":"primary","length_km":6.19},"geometry":{"type":"LineString","coordinates":[[127.8311807,36.8097761],[127.84289,36.82909],[127.8735786,36.8354993]]}},{"type":"Feature","properties":{"osm_way_id":547145241,"highway":"primary","length_km":6.23},"geometry":{"type":"LineString","coordinates":[[128.6332954,37.8685688],[128.6555569,37.9094851]]}},{"type":"Feature","properties":{"osm_way_id":547374931,"highway":"primary","length_km":7.08},"geometry":{"type":"LineString","coordinates":[[128.1030186,37.736476],[128.036466,37.752341]]}},{"type":"Feature","properties":{"osm_way_id":549985522,"highway":"primary","length_km":11.92},"geometry":{"type":"LineString","coordinates":[[128.967702,35.7697268],[128.91454,35.73198],[128.9152209,35.7166669]]}},{"type":"Feature","properties":{"osm_way_id":550458169,"highway":"primary","length_km":7.34},"geometry":{"type":"LineString","coordinates":[[128.1861695,35.0034898],[128.1409341,35.0515469]]}},{"type":"Feature","properties":{"osm_way_id":560392685,"highway":"primary","length_km":6.43},"geometry":{"type":"LineString","coordinates":[[128.8498414,37.5205124],[128.8520693,37.5760001]]}},{"type":"Feature","properties":{"osm_way_id":560875406,"highway":"primary","length_km":6.92},"geometry":{"type":"LineString","coordinates":[[126.1274815,34.6221859],[126.1629334,34.6690307]]}},{"type":"Feature","properties":{"osm_way_id":562318018,"highway":"primary","length_km":7.86},"geometry":{"type":"LineString","coordinates":[[128.3509413,35.4424882],[128.3265135,35.3775418]]}},{"type":"Feature","properties":{"osm_way_id":562570883,"highway":"primary","length_km":14.12},"geometry":{"type":"LineString","coordinates":[[126.2752541,36.8687704],[126.304979,36.9105365],[126.2979125,36.9675541]]}},{"type":"Feature","properties":{"osm_way_id":569768520,"highway":"primary","length_km":8.16},"geometry":{"type":"LineString","coordinates":[[128.2713867,34.9373563],[128.2575809,34.9561179],[128.2167099,34.9525549]]}},{"type":"Feature","properties":{"osm_way_id":571160924,"highway":"primary","length_km":8.92},"geometry":{"type":"LineString","coordinates":[[128.8521254,37.4580387],[128.8701242,37.3959995]]}},{"type":"Feature","properties":{"osm_way_id":571468773,"highway":"primary","length_km":6.46},"geometry":{"type":"LineString","coordinates":[[128.32914,37.74207],[128.3606176,37.7347482],[128.3756034,37.7527174]]}},{"type":"Feature","properties":{"osm_way_id":572948764,"highway":"primary","length_km":10.54},"geometry":{"type":"LineString","coordinates":[[128.2810521,38.000257],[128.31034,37.9768817],[128.2980087,37.9658927],[128.3225767,37.9675781],[128.3177797,37.948796]]}},{"type":"Feature","properties":{"osm_way_id":573485788,"highway":"primary","length_km":6.45},"geometry":{"type":"LineString","coordinates":[[127.93622,35.50417],[127.9240582,35.555485]]}},{"type":"Feature","properties":{"osm_way_id":603456427,"highway":"primary","length_km":7.81},"geometry":{"type":"LineString","coordinates":[[128.7501484,37.4692737],[128.8027814,37.5013051]]}},{"type":"Feature","properties":{"osm_way_id":604550358,"highway":"primary","length_km":8.85},"geometry":{"type":"LineString","coordinates":[[128.8307895,35.69153],[128.8535129,35.6661345],[128.8873271,35.6945143]]}},{"type":"Feature","properties":{"osm_way_id":617762422,"highway":"primary","length_km":9.02},"geometry":{"type":"LineString","coordinates":[[127.8007901,37.5315355],[127.7157793,37.5518768]]}},{"type":"Feature","properties":{"osm_way_id":625190561,"highway":"primary","length_km":7.28},"geometry":{"type":"LineString","coordinates":[[126.3983359,35.2910494],[126.3797235,35.3251879],[126.389315,35.3438756]]}},{"type":"Feature","properties":{"osm_way_id":633856339,"highway":"primary","length_km":8.8},"geometry":{"type":"LineString","coordinates":[[127.7744559,37.8012335],[127.75689,37.78648],[127.7939152,37.7532044]]}},{"type":"Feature","properties":{"osm_way_id":647971528,"highway":"primary","length_km":8.97},"geometry":{"type":"LineString","coordinates":[[128.6414151,37.4431918],[128.6123707,37.4784122],[128.5795844,37.4897934]]}},{"type":"Feature","properties":{"osm_way_id":648021741,"highway":"primary","length_km":6.63},"geometry":{"type":"LineString","coordinates":[[128.7350175,37.2890369],[128.7135039,37.3334515]]}},{"type":"Feature","properties":{"osm_way_id":649362299,"highway":"primary","length_km":6.43},"geometry":{"type":"LineString","coordinates":[[128.4958832,37.8479235],[128.5140017,37.8525598],[128.5143803,37.8800851]]}},{"type":"Feature","properties":{"osm_way_id":672449438,"highway":"primary","length_km":12.44},"geometry":{"type":"LineString","coordinates":[[128.5730928,36.2362835],[128.6822954,36.2473708]]}},{"type":"Feature","properties":{"osm_way_id":684378191,"highway":"primary","length_km":8.45},"geometry":{"type":"LineString","coordinates":[[128.8785962,37.1174076],[128.958794,37.1318234]]}},{"type":"Feature","properties":{"osm_way_id":691414558,"highway":"primary","length_km":6.64},"geometry":{"type":"LineString","coordinates":[[126.1000498,38.4483037],[126.1619947,38.4523297]]}},{"type":"Feature","properties":{"osm_way_id":691550364,"highway":"primary","length_km":8.56},"geometry":{"type":"LineString","coordinates":[[128.6023903,37.7032143],[128.6123075,37.7648792]]}},{"type":"Feature","properties":{"osm_way_id":696111344,"highway":"primary","length_km":7.86},"geometry":{"type":"LineString","coordinates":[[128.2520191,36.9297825],[128.2851516,36.920366],[128.3174497,36.9330035]]}},{"type":"Feature","properties":{"osm_way_id":708813807,"highway":"primary","length_km":6.17},"geometry":{"type":"LineString","coordinates":[[128.4695967,36.8940477],[128.437072,36.8982072]]}},{"type":"Feature","properties":{"osm_way_id":713015417,"highway":"primary","length_km":6.99},"geometry":{"type":"LineString","coordinates":[[128.4561529,37.533334],[128.413988,37.5831616]]}},{"type":"Feature","properties":{"osm_way_id":717190214,"highway":"primary","length_km":14.73},"geometry":{"type":"LineString","coordinates":[[126.5112254,34.4933364],[126.4786657,34.4969806],[126.4566034,34.5276461],[126.462392,34.5467496],[126.4329604,34.5711179]]}},{"type":"Feature","properties":{"osm_way_id":735036544,"highway":"primary","length_km":7.56},"geometry":{"type":"LineString","coordinates":[[127.5734447,36.2850173],[127.5901386,36.2692628],[127.6217055,36.2699696],[127.6299963,36.2515346]]}},{"type":"Feature","properties":{"osm_way_id":745579588,"highway":"primary","length_km":6.53},"geometry":{"type":"LineString","coordinates":[[128.9128061,35.3583801],[128.9662317,35.3233016]]}},{"type":"Feature","properties":{"osm_way_id":747948553,"highway":"primary","length_km":6.79},"geometry":{"type":"LineString","coordinates":[[127.4406886,35.4677295],[127.4651277,35.4925992],[127.4932116,35.4956022]]}},{"type":"Feature","properties":{"osm_way_id":762644535,"highway":"primary","length_km":14.03},"geometry":{"type":"LineString","coordinates":[[126.5342515,35.93743],[126.4768388,35.8217204]]}},{"type":"Feature","properties":{"osm_way_id":767839450,"highway":"primary","length_km":6.9},"geometry":{"type":"LineString","coordinates":[[127.5539916,35.8311778],[127.5409944,35.8872957]]}},{"type":"Feature","properties":{"osm_way_id":771040330,"highway":"primary","length_km":7.84},"geometry":{"type":"LineString","coordinates":[[127.3707303,35.2169418],[127.3689266,35.2408684],[127.3303543,35.2660867]]}},{"type":"Feature","properties":{"osm_way_id":773814367,"highway":"primary","length_km":9.24},"geometry":{"type":"LineString","coordinates":[[126.0503649,34.5634331],[126.063057,34.5538],[126.0802283,34.5648379],[126.0894375,34.6036587]]}},{"type":"Feature","properties":{"osm_way_id":775579984,"highway":"primary","length_km":8.22},"geometry":{"type":"LineString","coordinates":[[127.3207521,35.1501309],[127.3753343,35.1944188]]}},{"type":"Feature","properties":{"osm_way_id":778847435,"highway":"primary","length_km":10.49},"geometry":{"type":"LineString","coordinates":[[128.0331451,38.2862139],[128.0438076,38.2159041]]}},{"type":"Feature","properties":{"osm_way_id":784097927,"highway":"primary","length_km":6.71},"geometry":{"type":"LineString","coordinates":[[128.76427,35.5627255],[128.7743905,35.5139025]]}},{"type":"Feature","properties":{"osm_way_id":785586567,"highway":"primary","length_km":10.13},"geometry":{"type":"LineString","coordinates":[[127.6156574,38.2446149],[127.5441883,38.2749503]]}},{"type":"Feature","properties":{"osm_way_id":787906753,"highway":"primary","length_km":8.35},"geometry":{"type":"LineString","coordinates":[[127.8160029,36.1681805],[127.8809458,36.2150047]]}},{"type":"Feature","properties":{"osm_way_id":802605594,"highway":"primary","length_km":6.44},"geometry":{"type":"LineString","coordinates":[[126.4923329,35.5905101],[126.527409,35.5836131],[126.5291383,35.5975328]]}},{"type":"Feature","properties":{"osm_way_id":806579546,"highway":"primary","length_km":11.72},"geometry":{"type":"LineString","coordinates":[[128.1059698,37.5072399],[128.14067,37.50494],[128.1667538,37.4840295],[128.2049896,37.4983668]]}},{"type":"Feature","properties":{"osm_way_id":834013108,"highway":"primary","length_km":6.66},"geometry":{"type":"LineString","coordinates":[[128.7057541,37.8468025],[128.7800058,37.8507428]]}},{"type":"Feature","properties":{"osm_way_id":867491284,"highway":"primary","length_km":9.93},"geometry":{"type":"LineString","coordinates":[[127.1489483,35.5207413],[127.1212928,35.5169429],[127.0866264,35.5464867],[127.0738236,35.5387033]]}},{"type":"Feature","properties":{"osm_way_id":870301808,"highway":"primary","length_km":9.29},"geometry":{"type":"LineString","coordinates":[[126.382203,36.4520778],[126.3395104,36.52028]]}},{"type":"Feature","properties":{"osm_way_id":922311911,"highway":"primary","length_km":6.17},"geometry":{"type":"LineString","coordinates":[[127.7750132,34.6386213],[127.7203539,34.6269282]]}},{"type":"Feature","properties":{"osm_way_id":925433493,"highway":"primary","length_km":8.25},"geometry":{"type":"LineString","coordinates":[[127.1562593,34.7758921],[127.2372252,34.801797]]}},{"type":"Feature","properties":{"osm_way_id":934497788,"highway":"primary","length_km":6.48},"geometry":{"type":"LineString","coordinates":[[128.5675465,35.5590397],[128.5333325,35.5829633],[128.51184,35.57583]]}},{"type":"Feature","properties":{"osm_way_id":943809475,"highway":"primary","length_km":6.06},"geometry":{"type":"LineString","coordinates":[[129.2165842,36.0678555],[129.1585125,36.0899066]]}},{"type":"Feature","properties":{"osm_way_id":957149835,"highway":"primary","length_km":8.24},"geometry":{"type":"LineString","coordinates":[[127.4953974,35.5493678],[127.5079143,35.6186532]]}},{"type":"Feature","properties":{"osm_way_id":979579755,"highway":"primary","length_km":8.04},"geometry":{"type":"LineString","coordinates":[[126.9341434,35.9085033],[127.006122,35.8753411]]}},{"type":"Feature","properties":{"osm_way_id":1006146191,"highway":"primary","length_km":13.47},"geometry":{"type":"LineString","coordinates":[[126.5278564,34.302212],[126.5631181,34.3244034],[126.5982162,34.3135813],[126.5885114,34.3516312]]}},{"type":"Feature","properties":{"osm_way_id":1008250252,"highway":"primary","length_km":6.09},"geometry":{"type":"LineString","coordinates":[[129.1583169,36.0899193],[129.2165925,36.0677618]]}},{"type":"Feature","properties":{"osm_way_id":1118299310,"highway":"primary","length_km":6.21},"geometry":{"type":"LineString","coordinates":[[126.2928586,36.7463145],[126.2875711,36.6934418]]}},{"type":"Feature","properties":{"osm_way_id":1121699484,"highway":"primary","length_km":6.29},"geometry":{"type":"LineString","coordinates":[[126.1433659,36.7836431],[126.1965368,36.7569826]]}},{"type":"Feature","properties":{"osm_way_id":1149625595,"highway":"primary","length_km":6.24},"geometry":{"type":"LineString","coordinates":[[126.9965799,35.3863428],[127.0009906,35.4289522]]}},{"type":"Feature","properties":{"osm_way_id":1256757097,"highway":"primary","length_km":6.02},"geometry":{"type":"LineString","coordinates":[[129.0635289,35.7953543],[129.0890756,35.8414367]]}},{"type":"Feature","properties":{"osm_way_id":1260597326,"highway":"primary","length_km":7.87},"geometry":{"type":"LineString","coordinates":[[129.2975249,36.7602435],[129.3354095,36.7537486]]}},{"type":"Feature","properties":{"osm_way_id":1355255963,"highway":"primary","length_km":6.48},"geometry":{"type":"LineString","coordinates":[[126.2090826,35.0589854],[126.1619502,35.089067]]}},{"type":"Feature","properties":{"osm_way_id":1463959635,"highway":"primary","length_km":8.01},"geometry":{"type":"LineString","coordinates":[[127.0061166,35.8754266],[126.9344929,35.9086424]]}},{"type":"Feature","properties":{"osm_way_id":1533417140,"highway":"primary","length_km":6.99},"geometry":{"type":"LineString","coordinates":[[128.49485,37.9286],[128.5279262,37.9819476]]}},{"type":"Feature","properties":{"osm_way_id":1536743418,"highway":"primary","length_km":9.89},"geometry":{"type":"LineString","coordinates":[[126.6916224,34.8916598],[126.7122204,34.939866],[126.7052684,34.9763799]]}},{"type":"Feature","properties":{"osm_way_id":1536743421,"highway":"primary","length_km":7.28},"geometry":{"type":"LineString","coordinates":[[126.6848837,34.8785444],[126.6984233,34.8161419]]}},{"type":"Feature","properties":{"osm_way_id":31610441,"highway":"trunk","length_km":3.62},"geometry":{"type":"LineString","coordinates":[[128.7697351,35.0144833],[128.8083747,35.0221995]]}},{"type":"Feature","properties":{"osm_way_id":33541043,"highway":"trunk","length_km":4.45},"geometry":{"type":"LineString","coordinates":[[127.5906926,36.3470804],[127.5615042,36.3158994]]}},{"type":"Feature","properties":{"osm_way_id":33541046,"highway":"trunk","length_km":4.44},"geometry":{"type":"LineString","coordinates":[[127.5616122,36.3158182],[127.590776,36.3469689]]}},{"type":"Feature","properties":{"osm_way_id":34206833,"highway":"trunk","length_km":4.16},"geometry":{"type":"LineString","coordinates":[[128.4455891,34.8699014],[128.454138,34.8877353],[128.4748258,34.8900679]]}},{"type":"Feature","properties":{"osm_way_id":34228121,"highway":"trunk","length_km":4.17},"geometry":{"type":"LineString","coordinates":[[128.474839,34.8901326],[128.45443,34.8880682],[128.4454945,34.8699509]]}},{"type":"Feature","properties":{"osm_way_id":37395797,"highway":"trunk","length_km":4.41},"geometry":{"type":"LineString","coordinates":[[127.0788577,37.5773615],[127.0723561,37.6146019]]}},{"type":"Feature","properties":{"osm_way_id":37398262,"highway":"trunk","length_km":3.53},"geometry":{"type":"LineString","coordinates":[[128.4971991,35.910368],[128.4934787,35.9384289]]}},{"type":"Feature","properties":{"osm_way_id":46676451,"highway":"trunk","length_km":7.6},"geometry":{"type":"LineString","coordinates":[[126.9991687,37.5099933],[127.0283353,37.5340235],[127.0654662,37.5184926]]}},{"type":"Feature","properties":{"osm_way_id":46709879,"highway":"trunk","length_km":6.57},"geometry":{"type":"LineString","coordinates":[[127.0646161,37.5195635],[127.028746,37.5343175],[127.0067846,37.5155113]]}},{"type":"Feature","properties":{"osm_way_id":47221339,"highway":"trunk","length_km":6.36},"geometry":{"type":"LineString","coordinates":[[126.8659106,37.5615066],[126.804904,37.5917064]]}},{"type":"Feature","properties":{"osm_way_id":47241837,"highway":"trunk","length_km":7.95},"geometry":{"type":"LineString","coordinates":[[126.8171214,37.6060185],[126.7434787,37.6466249]]}},{"type":"Feature","properties":{"osm_way_id":52868062,"highway":"trunk","length_km":4.57},"geometry":{"type":"LineString","coordinates":[[126.6969803,37.8271214],[126.6793938,37.7904262]]}},{"type":"Feature","properties":{"osm_way_id":52868063,"highway":"trunk","length_km":4.56},"geometry":{"type":"LineString","coordinates":[[126.6796803,37.7903687],[126.6972912,37.8269606]]}},{"type":"Feature","properties":{"osm_way_id":52868073,"highway":"trunk","length_km":3.51},"geometry":{"type":"LineString","coordinates":[[126.688277,37.7602847],[126.6796325,37.7899154]]}},{"type":"Feature","properties":{"osm_way_id":52868074,"highway":"trunk","length_km":3.51},"geometry":{"type":"LineString","coordinates":[[126.6793406,37.7899689],[126.6879699,37.7603012]]}},{"type":"Feature","properties":{"osm_way_id":52868121,"highway":"trunk","length_km":6.7},"geometry":{"type":"LineString","coordinates":[[126.682993,37.697177],[126.6867984,37.7566568]]}},{"type":"Feature","properties":{"osm_way_id":52868124,"highway":"trunk","length_km":5.7},"geometry":{"type":"LineString","coordinates":[[126.6822776,37.6937071],[126.6819245,37.6785582],[126.7186265,37.6592587]]}},{"type":"Feature","properties":{"osm_way_id":53267995,"highway":"trunk","length_km":5.39},"geometry":{"type":"LineString","coordinates":[[128.9785585,37.1808573],[128.9409797,37.2063565]]}},{"type":"Feature","properties":{"osm_way_id":53723554,"highway":"trunk","length_km":9.18},"geometry":{"type":"LineString","coordinates":[[126.6815235,34.6978206],[126.6321021,34.6995651],[126.5909822,34.7190737]]}},{"type":"Feature","properties":{"osm_way_id":54607078,"highway":"trunk","length_km":4.7},"geometry":{"type":"LineString","coordinates":[[127.3253538,37.2007666],[127.2975716,37.2341753]]}},{"type":"Feature","properties":{"osm_way_id":54677287,"highway":"trunk","length_km":3.79},"geometry":{"type":"LineString","coordinates":[[128.1649026,37.1261435],[128.2021703,37.1132701]]}},{"type":"Feature","properties":{"osm_way_id":60195177,"highway":"trunk","length_km":4.01},"geometry":{"type":"LineString","coordinates":[[128.3459142,36.2634473],[128.3406073,36.2528214],[128.3544138,36.2311957]]}},{"type":"Feature","properties":{"osm_way_id":70224189,"highway":"trunk","length_km":6.43},"geometry":{"type":"LineString","coordinates":[[127.2974618,37.234122],[127.3212601,37.2151013],[127.3300532,37.1861252]]}},{"type":"Feature","properties":{"osm_way_id":83487971,"highway":"trunk","length_km":3.51},"geometry":{"type":"LineString","coordinates":[[128.4146985,38.2182725],[128.4545838,38.2146464]]}},{"type":"Feature","properties":{"osm_way_id":86125532,"highway":"trunk","length_km":3.63},"geometry":{"type":"LineString","coordinates":[[128.9241677,35.9952009],[128.9623328,36.0029853]]}},{"type":"Feature","properties":{"osm_way_id":113652364,"highway":"trunk","length_km":8.01},"geometry":{"type":"LineString","coordinates":[[129.3633413,34.3593761],[129.3552954,34.2987327]]}},{"type":"Feature","properties":{"osm_way_id":122732930,"highway":"trunk","length_km":3.62},"geometry":{"type":"LineString","coordinates":[[128.9622788,36.003072],[128.9241567,35.995323]]}},{"type":"Feature","properties":{"osm_way_id":125576171,"highway":"trunk","length_km":4.24},"geometry":{"type":"LineString","coordinates":[[128.3426093,36.6110868],[128.3248427,36.6219383],[128.3058011,36.6107009]]}},{"type":"Feature","properties":{"osm_way_id":126309222,"highway":"trunk","length_km":4.69},"geometry":{"type":"LineString","coordinates":[[128.1638877,36.5169295],[128.1595482,36.5413095],[128.1782182,36.5480814]]}},{"type":"Feature","properties":{"osm_way_id":126309231,"highway":"trunk","length_km":4.7},"geometry":{"type":"LineString","coordinates":[[128.1782031,36.5481531],[128.1596342,36.5416894],[128.1637801,36.5169389]]}},{"type":"Feature","properties":{"osm_way_id":126309258,"highway":"trunk","length_km":5.05},"geometry":{"type":"LineString","coordinates":[[128.166469,36.5080601],[128.1773785,36.4978908],[128.1687805,36.4674695]]}},{"type":"Feature","properties":{"osm_way_id":126309266,"highway":"trunk","length_km":5.06},"geometry":{"type":"LineString","coordinates":[[128.1688717,36.4674479],[128.1774892,36.4975818],[128.1665758,36.5080764]]}},{"type":"Feature","properties":{"osm_way_id":126333983,"highway":"trunk","length_km":6.89},"geometry":{"type":"LineString","coordinates":[[128.1511289,36.6418411],[128.1452482,36.6294682],[128.17305,36.5874029]]}},{"type":"Feature","properties":{"osm_way_id":143086686,"highway":"trunk","length_km":3.79},"geometry":{"type":"LineString","coordinates":[[126.7676218,37.8571877],[126.7334505,37.8405288]]}},{"type":"Feature","properties":{"osm_way_id":153026984,"highway":"trunk","length_km":4.78},"geometry":{"type":"LineString","coordinates":[[126.7513512,37.6248755],[126.7055415,37.6474189]]}},{"type":"Feature","properties":{"osm_way_id":153124638,"highway":"trunk","length_km":4.68},"geometry":{"type":"LineString","coordinates":[[126.7064331,37.6468071],[126.7512564,37.6247889]]}},{"type":"Feature","properties":{"osm_way_id":153168143,"highway":"trunk","length_km":7.35},"geometry":{"type":"LineString","coordinates":[[128.9651471,35.1333061],[128.9850683,35.1956639]]}},{"type":"Feature","properties":{"osm_way_id":154079470,"highway":"trunk","length_km":4.57},"geometry":{"type":"LineString","coordinates":[[128.9967441,35.5849395],[129.0396718,35.605234]]}},{"type":"Feature","properties":{"osm_way_id":164687893,"highway":"trunk","length_km":10.62},"geometry":{"type":"LineString","coordinates":[[128.9718018,35.1524353],[129.0455122,35.1627323],[129.0667327,35.1414974]]}},{"type":"Feature","properties":{"osm_way_id":165044187,"highway":"trunk","length_km":3.79},"geometry":{"type":"LineString","coordinates":[[127.7052505,34.8918166],[127.7051304,34.9258823]]}},{"type":"Feature","properties":{"osm_way_id":183521062,"highway":"trunk","length_km":6.47},"geometry":{"type":"LineString","coordinates":[[127.0707169,37.6093025],[127.0774169,37.5721046],[127.0666706,37.5555803]]}},{"type":"Feature","properties":{"osm_way_id":203491741,"highway":"trunk","length_km":3.75},"geometry":{"type":"LineString","coordinates":[[127.0404634,37.5958601],[127.034476,37.5739127],[127.046041,37.5691265]]}},{"type":"Feature","properties":{"osm_way_id":203924737,"highway":"trunk","length_km":4.13},"geometry":{"type":"LineString","coordinates":[[126.9214303,37.5715446],[126.9504914,37.5952217]]}},{"type":"Feature","properties":{"osm_way_id":204649482,"highway":"trunk","length_km":4.08},"geometry":{"type":"LineString","coordinates":[[128.4975144,35.9103839],[128.5319525,35.9302903]]}},{"type":"Feature","properties":{"osm_way_id":206436025,"highway":"trunk","length_km":6.71},"geometry":{"type":"LineString","coordinates":[[126.6865298,37.7567216],[126.6827111,37.6971873]]}},{"type":"Feature","properties":{"osm_way_id":206437186,"highway":"trunk","length_km":3.73},"geometry":{"type":"LineString","coordinates":[[126.7344178,37.8407805],[126.7679524,37.857096]]}},{"type":"Feature","properties":{"osm_way_id":238568550,"highway":"trunk","length_km":4.36},"geometry":{"type":"LineString","coordinates":[[128.5637129,35.806685],[128.6117636,35.8090203]]}},{"type":"Feature","properties":{"osm_way_id":238568557,"highway":"trunk","length_km":4.25},"geometry":{"type":"LineString","coordinates":[[128.6110622,35.8093719],[128.5642852,35.8069201]]}},{"type":"Feature","properties":{"osm_way_id":241191660,"highway":"trunk","length_km":3.61},"geometry":{"type":"LineString","coordinates":[[128.8083542,35.0222872],[128.7697897,35.0146346]]}},{"type":"Feature","properties":{"osm_way_id":255026884,"highway":"trunk","length_km":4.92},"geometry":{"type":"LineString","coordinates":[[128.4299654,35.9752832],[128.4757534,35.958964]]}},{"type":"Feature","properties":{"osm_way_id":255026885,"highway":"trunk","length_km":4.9},"geometry":{"type":"LineString","coordinates":[[128.4758335,35.9591162],[128.4301303,35.9752898]]}},{"type":"Feature","properties":{"osm_way_id":255029387,"highway":"trunk","length_km":3.54},"geometry":{"type":"LineString","coordinates":[[128.4933815,35.9384639],[128.4971776,35.9102827]]}},{"type":"Feature","properties":{"osm_way_id":256125347,"highway":"trunk","length_km":4.66},"geometry":{"type":"LineString","coordinates":[[126.9074835,37.4379268],[126.9452824,37.4662333]]}},{"type":"Feature","properties":{"osm_way_id":291274327,"highway":"trunk","length_km":6.87},"geometry":{"type":"LineString","coordinates":[[128.746758,36.0988857],[128.7509479,36.0824675],[128.7884536,36.0524662]]}},{"type":"Feature","properties":{"osm_way_id":291274916,"highway":"trunk","length_km":6.85},"geometry":{"type":"LineString","coordinates":[[128.7884335,36.0525814],[128.7510437,36.082511],[128.7468451,36.0988478]]}},{"type":"Feature","properties":{"osm_way_id":312366529,"highway":"trunk","length_km":3.77},"geometry":{"type":"LineString","coordinates":[[128.4112205,35.8787867],[128.4367769,35.8546279]]}},{"type":"Feature","properties":{"osm_way_id":330206686,"highway":"trunk","length_km":4.4},"geometry":{"type":"LineString","coordinates":[[128.6889609,36.8535225],[128.7298188,36.8728876]]}},{"type":"Feature","properties":{"osm_way_id":330207561,"highway":"trunk","length_km":4.4},"geometry":{"type":"LineString","coordinates":[[128.7297476,36.8729737],[128.6889095,36.8536209]]}},{"type":"Feature","properties":{"osm_way_id":400120973,"highway":"trunk","length_km":3.98},"geometry":{"type":"LineString","coordinates":[[126.9937109,37.6098419],[127.0343989,37.6027037]]}},{"type":"Feature","properties":{"osm_way_id":402966993,"highway":"trunk","length_km":7.51},"geometry":{"type":"LineString","coordinates":[[127.6137932,36.9881066],[127.6654241,36.9367738]]}},{"type":"Feature","properties":{"osm_way_id":428769854,"highway":"trunk","length_km":4.95},"geometry":{"type":"LineString","coordinates":[[126.9471972,37.4687222],[126.907419,37.4382469]]}},{"type":"Feature","properties":{"osm_way_id":465528841,"highway":"trunk","length_km":7.24},"geometry":{"type":"LineString","coordinates":[[126.806045,37.5908316],[126.8740746,37.5550464]]}},{"type":"Feature","properties":{"osm_way_id":476918158,"highway":"trunk","length_km":3.53},"geometry":{"type":"LineString","coordinates":[[128.9203719,37.2025715],[128.9479104,37.2033367],[128.9405433,37.205808]]}},{"type":"Feature","properties":{"osm_way_id":483392670,"highway":"trunk","length_km":3.55},"geometry":{"type":"LineString","coordinates":[[128.4549104,38.2149301],[128.4145141,38.218573]]}},{"type":"Feature","properties":{"osm_way_id":484040335,"highway":"trunk","length_km":4.58},"geometry":{"type":"LineString","coordinates":[[128.6929807,37.2676967],[128.6700907,37.2701532],[128.6624198,37.2496982]]}},{"type":"Feature","properties":{"osm_way_id":488788229,"highway":"trunk","length_km":6.87},"geometry":{"type":"LineString","coordinates":[[128.1731404,36.5874699],[128.1453671,36.6294945],[128.1512081,36.6417761]]}},{"type":"Feature","properties":{"osm_way_id":489530685,"highway":"trunk","length_km":5.99},"geometry":{"type":"LineString","coordinates":[[128.0862617,36.2713781],[128.0993016,36.2206978]]}},{"type":"Feature","properties":{"osm_way_id":489538597,"highway":"trunk","length_km":6.0},"geometry":{"type":"LineString","coordinates":[[128.0994115,36.2206951],[128.0863564,36.2714723]]}},{"type":"Feature","properties":{"osm_way_id":489557519,"highway":"trunk","length_km":3.95},"geometry":{"type":"LineString","coordinates":[[128.1157254,36.1739121],[128.1579965,36.1740165]]}},{"type":"Feature","properties":{"osm_way_id":489557522,"highway":"trunk","length_km":3.93},"geometry":{"type":"LineString","coordinates":[[128.1581083,36.1741069],[128.1159905,36.174106]]}},{"type":"Feature","properties":{"osm_way_id":489771761,"highway":"trunk","length_km":4.16},"geometry":{"type":"LineString","coordinates":[[129.1941025,35.91558],[129.230651,35.9352325]]}},{"type":"Feature","properties":{"osm_way_id":489771778,"highway":"trunk","length_km":4.16},"geometry":{"type":"LineString","coordinates":[[129.2306184,35.9353081],[129.1938427,35.9157689]]}},{"type":"Feature","properties":{"osm_way_id":489771808,"highway":"trunk","length_km":4.7},"geometry":{"type":"LineString","coordinates":[[129.2981193,35.9498743],[129.3449775,35.967853]]}},{"type":"Feature","properties":{"osm_way_id":489771819,"highway":"trunk","length_km":4.97},"geometry":{"type":"LineString","coordinates":[[129.3476962,35.9687562],[129.2980057,35.9499675]]}},{"type":"Feature","properties":{"osm_way_id":494060489,"highway":"trunk","length_km":3.67},"geometry":{"type":"LineString","coordinates":[[128.4739871,36.6740335],[128.5011969,36.6978345]]}},{"type":"Feature","properties":{"osm_way_id":494060493,"highway":"trunk","length_km":3.68},"geometry":{"type":"LineString","coordinates":[[128.501167,36.6979245],[128.4738806,36.6740774]]}},{"type":"Feature","properties":{"osm_way_id":524851902,"highway":"trunk","length_km":8.12},"geometry":{"type":"LineString","coordinates":[[126.7415962,37.647226],[126.8169898,37.605887]]}},{"type":"Feature","properties":{"osm_way_id":525738552,"highway":"trunk","length_km":6.98},"geometry":{"type":"LineString","coordinates":[[126.9353418,37.5159325],[126.9175247,37.5187921],[126.8785159,37.5527884]]}},{"type":"Feature","properties":{"osm_way_id":525856592,"highway":"trunk","length_km":5.99},"geometry":{"type":"LineString","coordinates":[[126.901674,37.5381696],[126.9175194,37.5182049],[126.9527511,37.5151169]]}},{"type":"Feature","properties":{"osm_way_id":538712943,"highway":"trunk","length_km":4.08},"geometry":{"type":"LineString","coordinates":[[128.5320412,35.9303578],[128.4975244,35.9104653]]}},{"type":"Feature","properties":{"osm_way_id":542284767,"highway":"trunk","length_km":4.52},"geometry":{"type":"LineString","coordinates":[[129.0395052,35.6053213],[128.9968979,35.5852146]]}},{"type":"Feature","properties":{"osm_way_id":551158204,"highway":"trunk","length_km":3.56},"geometry":{"type":"LineString","coordinates":[[127.74843,37.57708],[127.7667943,37.6049979]]}},{"type":"Feature","properties":{"osm_way_id":552393568,"highway":"trunk","length_km":3.54},"geometry":{"type":"LineString","coordinates":[[127.8102246,36.2413715],[127.8243142,36.2703804]]}},{"type":"Feature","properties":{"osm_way_id":553618819,"highway":"trunk","length_km":3.77},"geometry":{"type":"LineString","coordinates":[[128.4368419,35.8546797],[128.4112597,35.8788851]]}},{"type":"Feature","properties":{"osm_way_id":554377650,"highway":"trunk","length_km":3.67},"geometry":{"type":"LineString","coordinates":[[128.6026671,36.0136548],[128.6359637,36.032319]]}},{"type":"Feature","properties":{"osm_way_id":554495970,"highway":"trunk","length_km":4.02},"geometry":{"type":"LineString","coordinates":[[127.0830176,36.0138179],[127.0590827,35.9878913]]}},{"type":"Feature","properties":{"osm_way_id":554522775,"highway":"trunk","length_km":7.51},"geometry":{"type":"LineString","coordinates":[[127.6655161,36.9367779],[127.6138797,36.9881897]]}},{"type":"Feature","properties":{"osm_way_id":561630321,"highway":"trunk","length_km":5.2},"geometry":{"type":"LineString","coordinates":[[126.5576779,34.7212862],[126.5078383,34.7367864]]}},{"type":"Feature","properties":{"osm_way_id":575123477,"highway":"trunk","length_km":10.64},"geometry":{"type":"LineString","coordinates":[[129.0668144,35.141443],[129.0459916,35.162759],[128.9718293,35.1526009]]}},{"type":"Feature","properties":{"osm_way_id":585136807,"highway":"trunk","length_km":3.69},"geometry":{"type":"LineString","coordinates":[[128.6360345,36.0327197],[128.6025652,36.0139259]]}},{"type":"Feature","properties":{"osm_way_id":588277072,"highway":"trunk","length_km":4.07},"geometry":{"type":"LineString","coordinates":[[127.5257401,36.6737122],[127.5284218,36.6378276]]}},{"type":"Feature","properties":{"osm_way_id":598101147,"highway":"trunk","length_km":3.92},"geometry":{"type":"LineString","coordinates":[[127.0798285,36.9325769],[127.0567574,36.9367777],[127.0484068,36.9253333]]}},{"type":"Feature","properties":{"osm_way_id":599430890,"highway":"trunk","length_km":5.67},"geometry":{"type":"LineString","coordinates":[[126.7187904,37.6594349],[126.6822142,37.678677],[126.6825789,37.6936689]]}},{"type":"Feature","properties":{"osm_way_id":629747845,"highway":"trunk","length_km":4.81},"geometry":{"type":"LineString","coordinates":[[129.0805984,35.2402716],[129.0283633,35.2432721]]}},{"type":"Feature","properties":{"osm_way_id":629747854,"highway":"trunk","length_km":4.8},"geometry":{"type":"LineString","coordinates":[[129.0283554,35.2429176],[129.0805108,35.2399885]]}},{"type":"Feature","properties":{"osm_way_id":635186458,"highway":"trunk","length_km":4.01},"geometry":{"type":"LineString","coordinates":[[127.0591958,35.9879147],[127.0830676,36.0137586]]}},{"type":"Feature","properties":{"osm_way_id":643846203,"highway":"trunk","length_km":3.79},"geometry":{"type":"LineString","coordinates":[[127.7050448,34.9258795],[127.7051149,34.8917908]]}},{"type":"Feature","properties":{"osm_way_id":679059139,"highway":"trunk","length_km":3.78},"geometry":{"type":"LineString","coordinates":[[126.338025,34.9196226],[126.336585,34.9504514]]}},{"type":"Feature","properties":{"osm_way_id":679059146,"highway":"trunk","length_km":5.87},"geometry":{"type":"LineString","coordinates":[[126.3368229,34.9506526],[126.3626091,34.9965092]]}},{"type":"Feature","properties":{"osm_way_id":685594793,"highway":"trunk","length_km":3.65},"geometry":{"type":"LineString","coordinates":[[126.5869878,34.5602369],[126.5632454,34.5834223]]}},{"type":"Feature","properties":{"osm_way_id":694822751,"highway":"trunk","length_km":4.5},"geometry":{"type":"LineString","coordinates":[[128.7539626,35.4614187],[128.7690341,35.4243863]]}},{"type":"Feature","properties":{"osm_way_id":729987043,"highway":"trunk","length_km":3.57},"geometry":{"type":"LineString","coordinates":[[126.6944633,35.854207],[126.6554036,35.8555097]]}},{"type":"Feature","properties":{"osm_way_id":729987044,"highway":"trunk","length_km":6.72},"geometry":{"type":"LineString","coordinates":[[126.6133848,35.8089571],[126.626082,35.7500523]]}},{"type":"Feature","properties":{"osm_way_id":779290857,"highway":"trunk","length_km":4.96},"geometry":{"type":"LineString","coordinates":[[126.5422609,36.3180976],[126.5869443,36.3402361]]}},{"type":"Feature","properties":{"osm_way_id":779811550,"highway":"trunk","length_km":3.99},"geometry":{"type":"LineString","coordinates":[[128.3544748,36.2312488],[128.3407302,36.2527699],[128.3460046,36.2633814]]}},{"type":"Feature","properties":{"osm_way_id":779822274,"highway":"trunk","length_km":3.85},"geometry":{"type":"LineString","coordinates":[[128.485887,36.1390353],[128.4768417,36.1577102],[128.4600692,36.1612768]]}},{"type":"Feature","properties":{"osm_way_id":784097943,"highway":"trunk","length_km":4.5},"geometry":{"type":"LineString","coordinates":[[128.7691498,35.4243814],[128.7540913,35.4613898]]}},{"type":"Feature","properties":{"osm_way_id":784097965,"highway":"trunk","length_km":3.56},"geometry":{"type":"LineString","coordinates":[[128.6604828,35.3707764],[128.6973005,35.367965]]}},{"type":"Feature","properties":{"osm_way_id":784111467,"highway":"trunk","length_km":3.57},"geometry":{"type":"LineString","coordinates":[[128.697357,35.3680537],[128.6603937,35.3708487]]}},{"type":"Feature","properties":{"osm_way_id":785328390,"highway":"trunk","length_km":3.78},"geometry":{"type":"LineString","coordinates":[[128.202209,37.1133352],[128.1649725,37.1262251]]}},{"type":"Feature","properties":{"osm_way_id":824591563,"highway":"trunk","length_km":4.56},"geometry":{"type":"LineString","coordinates":[[128.6625143,37.2496893],[128.670103,37.2700273],[128.6928612,37.2675936]]}},{"type":"Feature","properties":{"osm_way_id":829966621,"highway":"trunk","length_km":3.87},"geometry":{"type":"LineString","coordinates":[[129.3132007,35.5899853],[129.292329,35.5624186]]}},{"type":"Feature","properties":{"osm_way_id":829966632,"highway":"trunk","length_km":4.01},"geometry":{"type":"LineString","coordinates":[[129.2924359,35.5624342],[129.3135808,35.5912658]]}},{"type":"Feature","properties":{"osm_way_id":834388977,"highway":"trunk","length_km":9.18},"geometry":{"type":"LineString","coordinates":[[126.5910065,34.7189971],[126.6323413,34.6994343],[126.681533,34.6977327]]}},{"type":"Feature","properties":{"osm_way_id":834545415,"highway":"trunk","length_km":3.56},"geometry":{"type":"LineString","coordinates":[[127.7666793,37.6050504],[127.7483202,37.5771233]]}},{"type":"Feature","properties":{"osm_way_id":846825603,"highway":"trunk","length_km":3.83},"geometry":{"type":"LineString","coordinates":[[128.4600654,36.1611783],[128.4767865,36.1576312],[128.4857797,36.1390972]]}},{"type":"Feature","properties":{"osm_way_id":853600160,"highway":"trunk","length_km":3.59},"geometry":{"type":"LineString","coordinates":[[126.654967,35.8554342],[126.6942557,35.854082]]}},{"type":"Feature","properties":{"osm_way_id":862460944,"highway":"trunk","length_km":6.08},"geometry":{"type":"LineString","coordinates":[[126.8402532,37.5263476],[126.9070221,37.5253166]]}},{"type":"Feature","properties":{"osm_way_id":862460945,"highway":"trunk","length_km":6.08},"geometry":{"type":"LineString","coordinates":[[126.9069991,37.5254542],[126.8401861,37.5265851]]}},{"type":"Feature","properties":{"osm_way_id":868249640,"highway":"trunk","length_km":3.78},"geometry":{"type":"LineString","coordinates":[[126.4919135,35.8032323],[126.5292073,35.8182886]]}},{"type":"Feature","properties":{"osm_way_id":885788847,"highway":"trunk","length_km":7.33},"geometry":{"type":"LineString","coordinates":[[126.6419073,35.853732],[126.5631185,35.8373052]]}},{"type":"Feature","properties":{"osm_way_id":885788850,"highway":"trunk","length_km":7.33},"geometry":{"type":"LineString","coordinates":[[126.5631669,35.8372184],[126.6419284,35.8536593]]}},{"type":"Feature","properties":{"osm_way_id":888083855,"highway":"trunk","length_km":4.08},"geometry":{"type":"LineString","coordinates":[[127.5287427,36.6379155],[127.5258553,36.6738158]]}},{"type":"Feature","properties":{"osm_way_id":931093776,"highway":"trunk","length_km":6.01},"geometry":{"type":"LineString","coordinates":[[128.7717175,35.1386062],[128.7111153,35.1598736]]}},{"type":"Feature","properties":{"osm_way_id":931093777,"highway":"trunk","length_km":6.0},"geometry":{"type":"LineString","coordinates":[[128.7109988,35.1595405],[128.7715779,35.1384257]]}},{"type":"Feature","properties":{"osm_way_id":942012885,"highway":"trunk","length_km":9.26},"geometry":{"type":"LineString","coordinates":[[129.0322828,35.2131005],[129.0695851,35.2079318],[129.1192173,35.181814]]}},{"type":"Feature","properties":{"osm_way_id":948396572,"highway":"trunk","length_km":3.53},"geometry":{"type":"LineString","coordinates":[[126.6080709,37.51723],[126.5734757,37.5056882]]}},{"type":"Feature","properties":{"osm_way_id":975874973,"highway":"trunk","length_km":8.71},"geometry":{"type":"LineString","coordinates":[[126.8903995,37.5379787],[126.8705175,37.4968068],[126.8845248,37.4675766]]}},{"type":"Feature","properties":{"osm_way_id":975888370,"highway":"trunk","length_km":9.08},"geometry":{"type":"LineString","coordinates":[[126.8846052,37.4676255],[126.8707282,37.4966306],[126.8889807,37.5411777]]}},{"type":"Feature","properties":{"osm_way_id":979373694,"highway":"trunk","length_km":3.5},"geometry":{"type":"LineString","coordinates":[[126.8736671,35.8231568],[126.886557,35.8351595],[126.9052583,35.8347625]]}},{"type":"Feature","properties":{"osm_way_id":984638173,"highway":"trunk","length_km":3.54},"geometry":{"type":"LineString","coordinates":[[127.8243142,36.2703804],[127.8102246,36.2413715]]}},{"type":"Feature","properties":{"osm_way_id":1120553836,"highway":"trunk","length_km":6.57},"geometry":{"type":"LineString","coordinates":[[126.7283707,36.9808216],[126.7568489,36.9730143],[126.7828761,36.945735]]}},{"type":"Feature","properties":{"osm_way_id":1120553838,"highway":"trunk","length_km":6.6},"geometry":{"type":"LineString","coordinates":[[126.7829447,36.9457807],[126.7569775,36.9730647],[126.7281438,36.9809124]]}},{"type":"Feature","properties":{"osm_way_id":1123527852,"highway":"trunk","length_km":4.95},"geometry":{"type":"LineString","coordinates":[[126.5868709,36.3403535],[126.5421871,36.3182093]]}},{"type":"Feature","properties":{"osm_way_id":1124955392,"highway":"trunk","length_km":6.73},"geometry":{"type":"LineString","coordinates":[[126.6262228,35.7500109],[126.6135705,35.8090011]]}},{"type":"Feature","properties":{"osm_way_id":1189740858,"highway":"trunk","length_km":5.34},"geometry":{"type":"LineString","coordinates":[[128.9412388,37.2062834],[128.978295,37.1807975]]}},{"type":"Feature","properties":{"osm_way_id":1190885204,"highway":"trunk","length_km":3.51},"geometry":{"type":"LineString","coordinates":[[126.3626091,34.9965092],[126.3677724,35.011944],[126.3846262,35.0171731]]}},{"type":"Feature","properties":{"osm_way_id":1190885205,"highway":"trunk","length_km":5.37},"geometry":{"type":"LineString","coordinates":[[126.4021589,35.0247227],[126.3694058,35.0133283],[126.3626091,34.9965092]]}},{"type":"Feature","properties":{"osm_way_id":1205952027,"highway":"trunk","length_km":5.46},"geometry":{"type":"LineString","coordinates":[[126.5055265,34.738231],[126.5576223,34.7212651]]}},{"type":"Feature","properties":{"osm_way_id":1206154033,"highway":"trunk","length_km":8.15},"geometry":{"type":"LineString","coordinates":[[128.9907033,35.2009689],[128.976063,35.1852813],[128.9651336,35.1332677]]}},{"type":"Feature","properties":{"osm_way_id":1263763433,"highway":"trunk","length_km":3.52},"geometry":{"type":"LineString","coordinates":[[126.5736186,37.5055712],[126.6080663,37.5171148]]}},{"type":"Feature","properties":{"osm_way_id":1340590709,"highway":"trunk","length_km":4.51},"geometry":{"type":"LineString","coordinates":[[127.3024747,37.8988476],[127.3011604,37.938839]]}},{"type":"Feature","properties":{"osm_way_id":1442862648,"highway":"trunk","length_km":4.06},"geometry":{"type":"LineString","coordinates":[[126.9504415,37.5953275],[126.9218736,37.5720847]]}},{"type":"Feature","properties":{"osm_way_id":1455063489,"highway":"trunk","length_km":4.3},"geometry":{"type":"LineString","coordinates":[[127.0538434,37.5510803],[127.0649436,37.5504116],[127.0789599,37.5765153]]}},{"type":"Feature","properties":{"osm_way_id":1463400804,"highway":"trunk","length_km":9.28},"geometry":{"type":"LineString","coordinates":[[129.1195585,35.18211],[129.0696122,35.2080768],[129.0322854,35.213149]]}},{"type":"Feature","properties":{"osm_way_id":1524112826,"highway":"trunk","length_km":3.54},"geometry":{"type":"LineString","coordinates":[[128.4373805,35.2074478],[128.4628974,35.1853324]]}}]}